case	step	probe	pair	candidate	score_before	score_after	score_change	score_tangent	score_residual	logit_actual_l2	logit_tangent_l2	logit_residual_l2	jvp_fd_error_l2	activation_actual_l2	activation_tangent_l2	activation_residual_l2
layer0_two	1	train_moon			-6.054310648990556	-6.050106401464591	0.004204247525965687	0.004200009355350703	4.238170614984441e-06	5.202699044580322	5.235281576240941	0.0401428244211578	4.887032375227836e-07	0.21072065214414332	0.21104820729442228	0.0017522828976010464
layer0_two	1	train_mars			-7.690931174917135	-7.685813948098703	0.005117226818431675	0.0050779800880111844	3.9246730420489964e-05	13.225744944199793	13.205697434176647	0.3662233481547061	4.686785856926865e-05	1.022679649301649	1.024821057512459	0.043890050301657726
layer0_two	1	heldout_moon			-4.844955098924322	-4.842893797418737	0.0020613015055839603	0.002064596500809942	-3.2949952259816986e-06	2.453765886593945	2.4493741968349414	0.00966229039221902	3.387673782421761e-06	0.1783377158848347	0.178252452777811	0.0006721080755277392
layer0_two	1	heldout_mars			-5.992972437423482	-5.992778457997025	0.0001939794264569361	0.0001962818269396758	-2.3024004827397e-06	2.5300701385889375	2.5307239108474247	0.0073252858519734275	1.6618606550324385e-07	0.13268250598513745	0.1325383737882483	0.00045894888822450765
layer0_two	1	neutral_library			-5.394930345087448	-5.395160896458573	-0.00023055137112540765	-0.0002640867655127989	3.3535394387391367e-05	7.790318109540972	7.892627254483542	0.16185285644596495	1.9097528760459503e-05	0.6257930828010837	0.634216031753755	0.014382374433957281
layer0_two	1	neutral_carpenter			-6.6300027774968	-6.629867474597772	0.00013530289902841848	0.0001341604752136791	1.1424238147393628e-06	12.125682513814374	12.135064678077452	0.0743747125729915	1.9667949003928015e-06	0.44966456925909415	0.45128151861579724	0.005191667741014659
layer0_two	1	neutral_rain			-4.805121602523071	-4.805305155941966	-0.00018355341889367667	-0.0002047328961192884	2.1179477225611826e-05	12.969050156606095	12.959231205860759	0.19336213145534245	1.3848732026007948e-05	0.5720691962722679	0.568335441811352	0.013205095018658597
layer0_two	1	bme_original	1	school	-4.248242936756464	-4.24887219983257	-0.0006292630761058007	-0.0006390331742176954	9.770098111894785e-06	24.082531062441547	24.34472638822437	0.7656265473485325	8.485487013860762e-05	1.286870895844219	1.3027024728669039	0.05150349637035878
layer0_two	1	bme_original	1	check	-4.453651017016581	-4.453570399132149	8.061788443231022e-05	7.66672373445653e-05	3.950647087744926e-06	24.009980506276197	24.27414630137583	0.765796993463201	8.495582426118058e-05	1.2817725827042177	1.2976736903246942	0.051534457077398954
layer0_two	1	bme_original	2	school	-3.4873001148986837	-3.4871868051307495	0.00011330976793414808	0.00011888742280732484	-5.577654873176714e-06	24.04517942788933	24.297211706238695	0.7565276135201545	8.483030020890336e-05	1.280623645427828	1.2962114173573818	0.05118879581253241
layer0_two	1	bme_original	2	check	-3.68745475431158	-3.687595933475409	-0.00014117916382937724	-0.0001403293565910064	-8.498072383708356e-07	24.50047601589914	24.75163967477479	0.7569955734862885	8.484831855303182e-05	1.2825002192280255	1.2981664571633342	0.05120846418328431
layer0_two	1	bme_original	3	school	-4.953211033610465	-4.952300105136133	0.0009109284743316163	0.0009159846781566843	-5.056203825068034e-06	23.877182170541435	24.13030906939718	0.7574220278076536	8.491662855071199e-05	1.2845341488702067	1.3003569221823508	0.05136057921889592
layer0_two	1	bme_original	3	check	-4.318126708937165	-4.318078993972163	4.771496500194372e-05	5.027884552068999e-05	-2.563880518746267e-06	24.45581901748522	24.70251643220247	0.7596693079593957	8.556933841238215e-05	1.295590038260205	1.311035592576896	0.05158444320693055
layer0_two	1	bme_heldout	1	school	-4.227712482036846	-4.228375866692972	-0.0006633846561258692	-0.0006508454942821139	-1.2539161843755416e-05	21.696514907940028	21.591048505729255	0.6872774914257117	0.00015908548550804308	1.2552962137751553	1.2375468409429613	0.05159634492403933
layer0_two	1	bme_heldout	1	check	-4.415279389569733	-4.41535306077459	-7.367120485722685e-05	-5.2815751736425036e-05	-2.0855453120801842e-05	21.523956532865785	21.422573444030153	0.6843601395703379	0.00015886482974627325	1.255110508053255	1.2373833614663978	0.05174431573123689
layer0_two	1	bme_heldout	2	school	-3.44005253562686	-3.440161936132448	-0.00010940050558798144	-0.0001006825461411269	-8.717959446854494e-06	21.681049292852787	21.564445098308923	0.6844742757607859	0.00015891472939871026	1.2491332394458643	1.2310330271989018	0.051680239399074825
layer0_two	1	bme_heldout	2	check	-3.653608461855005	-3.6538598741569484	-0.00025141230194383746	-0.00024772825134895804	-3.68405059487934e-06	22.073156425302535	21.96627706305335	0.6857294351612762	0.0001590037285854178	1.2500077876694213	1.2319669121894832	0.051718009537001966
layer0_two	1	bme_heldout	3	school	-4.914247234775304	-4.91355892463475	0.000688310140553608	0.000692536881731213	-4.226741177604982e-06	21.52170267755767	21.41070151197635	0.6808754651727635	0.0001588049482810825	1.2507065390359549	1.2328402312144897	0.05161954571403548
layer0_two	1	bme_heldout	3	check	-4.316916350262312	-4.317685543453179	-0.0007691931908679247	-0.0007852105718205813	1.6017380952656545e-05	22.563200698661145	22.476514578627203	0.688349649458912	0.00015887936032598458	1.2727844648521005	1.2556495656544637	0.05179663899108998
layer0_two	1	unrelated_school_question	1	school	-4.558654148190906	-4.559039982127562	-0.000385833936655422	-0.00038371129457533175	-2.122642080090286e-06	22.71316360390013	23.005770881820837	0.8121070537925598	8.054826949764638e-05	1.2976098250757204	1.31768572157292	0.056029453931438704
layer0_two	1	unrelated_school_question	1	check	-4.982556923820014	-4.9822570344734345	0.0002998893465790921	0.0003103430180917755	-1.045367151268341e-05	22.630870311665973	22.91907359228377	0.8103807680598597	8.063855862824679e-05	1.2910233119694638	1.3112806590689186	0.055986827040417436
layer0_two	1	unrelated_school_question	2	school	-3.843679445257395	-3.843677127850578	2.3174068163369275e-06	2.1040384144830947e-05	-1.8722977328494004e-05	22.50600592279603	22.78932238299496	0.8035259170930805	8.033827566074861e-05	1.2898350899140278	1.309796242171939	0.05571769638464195
layer0_two	1	unrelated_school_question	2	check	-4.134879207313781	-4.13493069892124	-5.1491607458179575e-05	-3.5334776968603887e-05	-1.6156830489575695e-05	22.926924070970266	23.204806110619224	0.802863712976552	8.067167942103807e-05	1.292469467107253	1.3122641838600217	0.05568049669210099
layer0_two	1	unrelated_school_question	3	school	-5.113978925729231	-5.113436909126688	0.0005420166025429709	0.0005583011562013806	-1.628455365840979e-05	22.42433356570517	22.700300665009117	0.8062238159622971	8.107884331656144e-05	1.2945757961140025	1.3143748761162244	0.055857518325525206
layer0_two	1	unrelated_school_question	3	check	-4.745950777227802	-4.746558739663811	-0.0006079624360095237	-0.0006054963182442714	-2.466117765252352e-06	23.12785139611955	23.42377067085145	0.8144029758030238	8.069345688647323e-05	1.310878010493405	1.3310383901569984	0.056739015295112494
layer0_two	2	train_moon			-6.050106401464591	-6.045723242186546	0.004383159278043625	0.004295931535383131	8.722774266049362e-05	5.496822076111108	5.378296572339631	0.12309688613148538	5.838794876418055e-06	0.22229803311352783	0.21709607512103393	0.00597697750917522
layer0_two	2	train_mars			-7.685813948098703	-7.680392618264621	0.005421329834083189	0.0053162525341224	0.00010507729996078776	14.046379181200717	13.730625260976886	0.5049075218125646	5.963058022471711e-05	1.0733033293264795	1.055871693154145	0.05253982746410238
layer0_two	2	heldout_moon			-4.842893797418737	-4.840732383580088	0.002161413838649854	0.0021199368659275976	4.147697272225623e-05	2.6413693007863883	2.5632029805684278	0.0996921149327459	3.5612959571939377e-06	0.19176956709070028	0.1860643689255931	0.006407408810787114
layer0_two	2	heldout_mars			-5.992778457997025	-5.992466696590434	0.00031176140659121873	0.0002604713337586851	5.1290072832533683e-05	2.5043177508313104	2.5064298880697	0.1122601766484754	1.6988129340529555e-06	0.13806074286556164	0.1355737969105975	0.005778547670583786
layer0_two	2	neutral_library			-5.395160896458573	-5.395275571146393	-0.00011467468781961587	-0.0001568769977719349	4.220230995231922e-05	7.542277373116381	7.67410583684909	0.21853606161790864	1.553085215862665e-05	0.6102295885402764	0.6190893683038456	0.016857414655150872
layer0_two	2	neutral_carpenter			-6.629867474597772	-6.629741430980813	0.00012604361695907804	0.00012806798875660978	-2.024371797531745e-06	12.376671363935937	12.298169566065024	0.12438485154039317	2.3177938233165686e-06	0.4533717003805865	0.45370593878915794	0.006059838252252431
layer0_two	2	neutral_rain			-4.805305155941966	-4.805486859382726	-0.00018170344076163486	-0.00018836559246059582	6.662151698961035e-06	12.665933811749523	12.857013326002523	0.46875582135661154	3.2611511340690185e-05	0.569501457594531	0.5729132635145296	0.013730851946103548
layer0_two	2	bme_original	1	school	-4.24887219983257	-4.249466849450271	-0.0005946496177020641	-0.0006072327650732192	1.2583147371155015e-05	23.775266944445097	24.01818936472484	0.71323274222304	8.448190574487645e-05	1.266048945001085	1.2798386606285617	0.04932436028846865
layer0_two	2	bme_original	1	check	-4.453570399132149	-4.453463494751521	0.00010690438062783435	9.931226594181382e-05	7.592114686020605e-06	23.702021382461453	23.945942779387615	0.712974914241788	8.456612718797358e-05	1.2608850535105538	1.274695547561216	0.049351457055240876
layer0_two	2	bme_original	2	school	-3.4871868051307495	-3.48706490285724	0.00012190227350975431	0.00012627112162932747	-4.368848119573268e-06	23.758100039409648	23.99055327426847	0.7017675500089897	8.445981173847479e-05	1.2602946702050406	1.273836988656278	0.04904885859977059
layer0_two	2	bme_original	2	check	-3.687595933475409	-3.687723199761818	-0.00012726628640874482	-0.00012828896343838826	1.0226770296433497e-06	24.21103222203182	24.446886331671564	0.7028044278724419	8.447821016230511e-05	1.2619653573686387	1.2756057168870025	0.049073076794775364
layer0_two	2	bme_original	3	school	-4.952300105136133	-4.951373002553833	0.0009271025822998741	0.0009307717163032709	-3.669134003396825e-06	23.590463751865094	23.823454260189923	0.7012711710961254	8.444867138784072e-05	1.2633276104509765	1.2771976087378567	0.04920892549780832
layer0_two	2	bme_original	3	check	-4.318078993972163	-4.3180140708498636	6.492312229971856e-05	6.340655822299433e-05	1.5165640767242722e-06	24.187853848631672	24.41738962982012	0.7035999980651519	8.531340003627693e-05	1.2750282345778732	1.2886079895063347	0.04939916071936104
layer0_two	2	bme_heldout	1	school	-4.228375866692972	-4.2290484384629785	-0.0006725717700063899	-0.00066338059898423	-9.191171022159849e-06	22.145654483387275	21.98129611853959	0.8844794539921769	0.00023984403051153263	1.3063597154797761	1.2840746777871694	0.06184263904496207
layer0_two	2	bme_heldout	1	check	-4.41535306077459	-4.415452766065073	-9.970529048265623e-05	-8.176251910271419e-05	-1.7942771379942142e-05	21.96374087972256	21.802950056910834	0.8815393899869153	0.00023974609373071854	1.3061180994593133	1.28384469627699	0.06196592009359598
layer0_two	2	bme_heldout	2	school	-3.440161936132448	-3.440271091580199	-0.00010915544775186535	-0.00010120777809627449	-7.9476696555909e-06	22.148500824919427	21.97508339761743	0.8798637289898409	0.0002403029856472936	1.300894103579786	1.2782212693516382	0.06192561229000299
layer0_two	2	bme_heldout	2	check	-3.6538598741569484	-3.6541054169193163	-0.0002455427623682137	-0.00024289269640226355	-2.650065965950125e-06	22.515794733722185	22.357424289929863	0.8822676729586935	0.00024042003661163222	1.3016282858645722	1.2790148417162415	0.06197273662245597
layer0_two	2	bme_heldout	3	school	-4.91355892463475	-4.912850309924493	0.000708614710257835	0.0007092362356966546	-6.215254388194364e-07	21.97841867736991	21.809379299517683	0.8779195023868003	0.00023988188004446528	1.3018207074752002	1.279413092014366	0.0618871325122163
layer0_two	2	bme_heldout	3	check	-4.317685543453179	-4.318391158745288	-0.0007056152921098402	-0.0007305502651562478	2.4934973046407706e-05	22.971337963821718	22.83627092732014	0.8847401254896624	0.0002399505824407939	1.3217907199192018	1.3003769120867426	0.062109992146198
layer0_two	2	unrelated_school_question	1	school	-4.559039982127562	-4.559422371809253	-0.0003823896816914363	-0.00038254717203806577	1.57490346629573e-07	22.32012115052708	22.581518423613876	0.7599700907262703	8.452504375378035e-05	1.26798959942841	1.2855153945432856	0.05393404503147853
layer0_two	2	unrelated_school_question	1	check	-4.9822570344734345	-4.981964400334007	0.00029263413942732754	0.0002988655870102561	-6.231447582928532e-06	22.24545463954723	22.50201027542506	0.7579152376597037	8.458035566421374e-05	1.2611455819571158	1.2788061484695903	0.05389363239626149
layer0_two	2	unrelated_school_question	2	school	-3.843677127850578	-3.8437021964651907	-2.506861461256532e-05	-9.581238668343161e-06	-1.5487375944222146e-05	22.12722064109285	22.37890884819696	0.7494042741347755	8.429998894595517e-05	1.260462969446096	1.277871818325611	0.05368081088085624
layer0_two	2	unrelated_school_question	2	check	-4.13493069892124	-4.135006031786243	-7.533286500304629e-05	-6.30812471725317e-05	-1.2251617830514632e-05	22.55138633085675	22.803579430558603	0.7492335111627503	8.461584647715118e-05	1.2633353770354487	1.2806346134004525	0.05362025724102413
layer0_two	2	unrelated_school_question	3	school	-5.113436909126688	-5.112912238855285	0.000524670271403245	0.000539549741409384	-1.487947000613902e-05	22.06177440178482	22.306114647787073	0.7495325907405997	8.490446953445405e-05	1.2652553889811307	1.2825976085548643	0.05373884949758087
layer0_two	2	unrelated_school_question	3	check	-4.746558739663811	-4.747148578338567	-0.0005898386747562101	-0.0005944159146996378	4.57723994342755e-06	22.736014161925386	23.003814250352825	0.7625483705482176	8.471904848054658e-05	1.2807120334615572	1.2985018384931677	0.0546236396465213
layer0_two	3	train_moon			-6.045723242185682	-6.0407950961814585	0.004928146004223155	0.0047475960773636595	0.00018054992685949536	6.364305308594961	6.093180731373316	0.27746682914662557	1.4150018371416245e-05	0.25713433315682926	0.24578132961214819	0.012488748435798705
layer0_two	3	train_mars			-7.680392618264984	-7.674447444406168	0.00594517385881641	0.00579169986390658	0.00015347399490983176	15.807243225248106	15.161775635616982	0.7997337667897866	9.716747727525653e-05	1.1909647604928029	1.1525028111184594	0.07283174117517856
layer0_two	3	heldout_moon			-4.840732383580019	-4.838291301593644	0.0024410819863745123	0.002350372331319021	9.070965505549126e-05	3.125729531650895	2.9581776119712586	0.20012823080529113	7.325029676561229e-06	0.22715620039574114	0.2149874657144121	0.013218172042461666
layer0_two	3	heldout_mars			-5.992466696589596	-5.99185038479982	0.000616311789775186	0.0005064241155047943	0.00010988767427039176	2.590629295776966	2.537762483569306	0.23503617019500536	4.834898722192531e-06	0.15527497573202104	0.14839006823252282	0.012097417346882364
layer0_two	3	neutral_library			-5.395275571145065	-5.395315918339338	-4.034719427195973e-05	-9.391082032884905e-05	5.3563626056889356e-05	7.354146672458756	7.5022940170295085	0.31008245418989366	1.6313025867402924e-05	0.6048360547791972	0.613616132774832	0.02125136300880566
layer0_two	3	neutral_carpenter			-6.629741430980128	-6.629629411656378	0.00011201932375074128	0.00011673774413997236	-4.7184203892311195e-06	13.246682728356138	13.068960786864116	0.2252894309331758	3.673544143941105e-06	0.4699212097540256	0.4686359771230397	0.008506573630012549
layer0_two	3	neutral_rain			-4.805486859382303	-4.805720305950482	-0.0002334465681791647	-0.00022516757229966395	-8.278995879500628e-06	12.227656472394095	12.530211736655698	0.8291991490775767	6.070364854573541e-05	0.557195541178179	0.5677462349159239	0.023455773476449344
layer0_two	3	bme_original	1	school	-4.249466849451627	-4.250023831178013	-0.00055698172638599	-0.0005728571225251803	1.5875396139190325e-05	23.97062689054252	24.212234112619562	0.7002033910153579	8.924570321123972e-05	1.2761989229566268	1.2886585838920492	0.049203857189035985
layer0_two	3	bme_original	1	check	-4.453463494752255	-4.453309678694855	0.00015381605739952635	0.0001424032798141617	1.1412777585364711e-05	23.895119028755737	24.13697133590735	0.6995028117076544	8.931646357518105e-05	1.2709726607956848	1.2834076052064818	0.049230719064651374
layer0_two	3	bme_original	2	school	-3.4870649028583975	-3.4869397450598556	0.00012515779854220763	0.00012834562722014505	-3.1878286779374448e-06	23.975845066573818	24.207653030061696	0.6868914654089306	8.914942907314146e-05	1.2705598139579792	1.2827546410134467	0.04897918494301257
layer0_two	3	bme_original	2	check	-3.6877231997626065	-3.687835271015902	-0.0001120712532954038	-0.0001150399266047476	2.9686733093437748e-06	24.430590371918907	24.670494779001864	0.689455456178767	8.917396988573125e-05	1.2720169846866072	1.2843335861232381	0.049014081056995736
layer0_two	3	bme_original	3	school	-4.951373002554561	-4.95041476072995	0.0009582418246118057	0.0009601372728596826	-1.8954482478768037e-06	23.80799768632338	24.040350519686875	0.6848664802182178	8.908487818581316e-05	1.2730347032521827	1.2856836171661785	0.04914679974703818
layer0_two	3	bme_original	3	check	-4.318014070850273	-4.317921677515215	9.239333505923393e-05	8.651117325869957e-05	5.882161800534318e-06	24.412399200458598	24.64402216215598	0.6873489514997256	9.010645577932667e-05	1.2852836192059427	1.297710525174588	0.04928233308091005
layer0_two	3	bme_heldout	1	school	-4.2290484384639715	-4.229733685779398	-0.0006852473154256492	-0.0006777738127941344	-7.473502631514704e-06	23.32917709607863	23.028141203825587	1.2494396343354974	0.000359999248672743	1.4021497321938734	1.3714123826251652	0.08124346281757958
layer0_two	3	bme_heldout	1	check	-4.415452766065874	-4.415573505505429	-0.00012073943955413246	-0.00010423866838342395	-1.6500771170708578e-05	23.138235891814688	22.83915499549002	1.2470767021678988	0.00035989498663890185	1.4020469445900254	1.371305480255231	0.08135711786724219
layer0_two	3	bme_heldout	2	school	-3.4402710915805947	-3.4403955116838247	-0.0001244201032301028	-0.00011640151323438344	-8.01858999571937e-06	23.349203733150947	23.0439686687205	1.2455303785955507	0.0003615116905563874	1.3973076201288432	1.3661246218296683	0.08134530703533194
layer0_two	3	bme_heldout	2	check	-3.6541054169199416	-3.6543488254658225	-0.00024340854588130435	-0.000240745711449955	-2.662834431349351e-06	23.685025721332266	23.401739455936397	1.2495791433864178	0.00036168833860201615	1.3979058543056706	1.3667797316209198	0.08141271173387193
layer0_two	3	bme_heldout	3	school	-4.912850309924614	-4.912107264142089	0.0007430457825240502	0.0007388384237567849	4.207358767265141e-06	23.171784750337128	22.867319981082336	1.2444665654166411	0.00036014064439305205	1.3976645459372747	1.366771397013236	0.08132854395834359
layer0_two	3	bme_heldout	3	check	-4.318391158744751	-4.319036238011888	-0.0006450792671365151	-0.0006791304297423098	3.4051162605794846e-05	24.093565577108212	23.834248133483506	1.250144482440737	0.00036066394837899475	1.41562761415809	1.3859837680426628	0.081569290988564
layer0_two	3	unrelated_school_question	1	school	-4.5594223718098545	-4.559786380111753	-0.0003640083018981316	-0.0003667804897997479	2.7721879016162774e-06	22.477526626635807	22.72682191652238	0.7399808383151587	9.417762745789156e-05	1.2722061363580368	1.287879925914009	0.05342811491069817
layer0_two	3	unrelated_school_question	1	check	-4.98196440033501	-4.981650304700127	0.00031409563488290837	0.0003161796831972816	-2.084048314373389e-06	22.41125812725726	22.65545067696156	0.7376484865635496	9.419269564316312e-05	1.2652039019591172	1.2809657947818327	0.05338839836196703
layer0_two	3	unrelated_school_question	2	school	-3.8437021964662397	-3.843742266783171	-4.0070316931128024e-05	-2.738948025836341e-05	-1.268083667276456e-05	22.298594000602414	22.53885126537718	0.7280289618304063	9.386753867029434e-05	1.264471911920496	1.2800104016622154	0.053254499341715646
layer0_two	3	unrelated_school_question	2	check	-4.135006031787345	-4.135089023910485	-8.299212313979291e-05	-7.426385996080292e-05	-8.728263178989954e-06	22.726490500564644	22.973459937398797	0.7295884100322403	9.418240658534886e-05	1.2675857436278641	1.2830725709644757	0.05317094251506238
layer0_two	3	unrelated_school_question	3	school	-5.112912238855807	-5.112369700630821	0.0005425382249858585	0.0005564194332048301	-1.3881208218971671e-05	22.247977452860603	22.481227767203883	0.7251264214623129	9.445729170638585e-05	1.2696059630869743	1.2851940704813947	0.053209020508092474
layer0_two	3	unrelated_school_question	3	check	-4.747148578339	-4.747720260226903	-0.0005716818879021572	-0.0005831180695009884	1.1436181598831283e-05	22.88133804868807	23.140618980168497	0.7437774403507892	9.444769620600556e-05	1.2843164757456955	1.3004544771993967	0.054185859855608094
layer0_two	4	train_moon			-6.0407950961814585	-6.034893162045897	0.005901934135560794	0.0056051012193013	0.0002968329162594936	7.837572255973034	7.404066839212334	0.44213198680191007	2.803596798139997e-05	0.31914428005448725	0.30028554492514137	0.02027443806982425
layer0_two	4	train_mars			-7.674447444406168	-7.667877136058164	0.006570308348004072	0.0064312212551105	0.00013908709289357223	18.520954153934728	17.516397099869604	1.1726580477077113	0.00014991154207109463	1.374442804670445	1.3133293187451212	0.10181904533870009
layer0_two	4	heldout_moon			-4.838291301593644	-4.835362389907682	0.0029289116859622655	0.00277613197270246	0.00015277971325980565	3.973422640449255	3.6969617222909026	0.31024006547293725	1.8576633106460252e-05	0.2884110428172105	0.26832861264636204	0.02120236334923316
layer0_two	4	heldout_mars			-5.99185038479982	-5.990707797610421	0.0011425871894000636	0.0009607547529236059	0.00018183243647645767	3.079711681851951	2.8756766945233663	0.37230717473322544	1.1846551613199945e-05	0.19372274026260453	0.179185301394484	0.019580991087719702
layer0_two	4	neutral_library			-5.395315918339338	-5.395315910551436	7.787902703678843e-09	-6.972659920416953e-05	6.973438710687292e-05	7.282385074113209	7.416470673305327	0.43928506550059676	2.25158666019035e-05	0.6100009505394377	0.6175450625632355	0.027909879093536635
layer0_two	4	neutral_carpenter			-6.629629411656378	-6.629534654166876	9.475748950178442e-05	0.00010208643623963087	-7.3289467378463586e-06	14.804698981298756	14.494603840377444	0.3633442352320417	6.112493974419475e-06	0.5010419795777152	0.4972881824604438	0.012355057545157788
layer0_two	4	neutral_rain			-4.805720305950482	-4.806062185073434	-0.00034187912295119416	-0.0003172655990403615	-2.4613523910832574e-05	11.989393419101336	12.220831393266494	1.23430115597654	8.142430617801066e-05	0.5370845751163199	0.5527242209568874	0.0385838919509539
layer0_two	4	bme_original	1	school	-4.250023831178013	-4.250537367884103	-0.000513536706089861	-0.0005330888406338784	1.955213454401746e-05	24.608419590417196	24.862472887495695	0.721512452561575	9.929913189283369e-05	1.3148934019052838	1.326516255673884	0.050567421000037686
layer0_two	4	bme_original	1	check	-4.453309678694855	-4.45308695072972	0.00022272796513531304	0.00020734880035192966	1.5379164783383363e-05	24.52782016874731	24.78146101864441	0.720322085855398	9.935707310210407e-05	1.3096045899112276	1.3211520494290871	0.05059403244764428
layer0_two	4	bme_original	2	school	-3.4869397450598556	-3.4868204878015967	0.00011925725825839145	0.00012106628996098104	-1.809031702589569e-06	24.628280759430417	24.874000301721477	0.7080719275502207	9.908113233629169e-05	1.309016356452636	1.3203209080460168	0.050425848882267185
layer0_two	4	bme_original	2	check	-3.687835271015902	-3.6879325101239697	-9.723910806799796e-05	-0.00010238401399800625	5.144905930008347e-06	25.086759761085656	25.34622756883427	0.7135790136791348	9.912910934982564e-05	1.3102402236928912	1.3216959390570773	0.05048216164914305
layer0_two	4	bme_original	3	school	-4.95041476072995	-4.94941059161108	0.0010041691188685485	0.0010034124627091496	7.566561593988554e-07	24.457847027257653	24.705186497441805	0.7043911971372552	9.89376428542362e-05	1.3111630193655506	1.3231077902432673	0.050614720006866766
layer0_two	4	bme_original	3	check	-4.317921677515215	-4.317793106050719	0.00012857146449431108	0.00011775636010327775	1.0815104391033362e-05	25.058775344383232	25.307789288375893	0.707144226749333	0.00010005386272269993	1.3239260976692842	1.3357259449174277	0.05067670891760486
layer0_two	4	bme_heldout	1	school	-4.229733685779398	-4.230439402679933	-0.0007057169005341082	-0.0006976922372729788	-8.024663261129334e-06	25.447504118437454	24.89800747698813	1.748127454375746	0.0004363521090598392	1.552593895984822	1.5079818119077548	0.11106415390249515
layer0_two	4	bme_heldout	1	check	-4.415573505505429	-4.415714629379159	-0.0001411238737307517	-0.0001242534598033613	-1.6870413927390352e-05	25.25049150631616	24.699235587322487	1.7462932122665284	0.0004359308717949001	1.5527840021588373	1.5081468067817334	0.11116398760281125
layer0_two	4	bme_heldout	2	school	-3.4403955116838247	-3.4405559504275787	-0.00016043874375407108	-0.00015173118349410915	-8.707560259961955e-06	25.470467466712932	24.923733079974863	1.7484125058793658	0.00043936316286615547	1.5484245850210976	1.5032620015619926	0.11121957027238516
layer0_two	4	bme_heldout	2	check	-3.6543488254658225	-3.6545988540916565	-0.0002500286258341029	-0.0002460368098181868	-3.991816015916127e-06	25.764013645263017	25.24740681532107	1.7548805676728518	0.0004397056944916937	1.548911710938124	1.5037909339501256	0.11132281055934011
layer0_two	4	bme_heldout	3	school	-4.912107264142089	-4.9113116873289435	0.0007955768131465216	0.000783999535927964	1.1577277218557581e-05	25.293665499334455	24.741408957191663	1.7456003091432104	0.0004362174592739803	1.548243285598893	1.503398463660957	0.11120771612135752
layer0_two	4	bme_heldout	3	check	-4.319036238011888	-4.3196204060423815	-0.0005841680304940904	-0.000628148745760535	4.398071526644473e-05	26.119003875493338	25.624054160684942	1.7509623711955173	0.0004377389849051929	1.5642262380334713	1.5208894594333457	0.11144339175211905
layer0_two	4	unrelated_school_question	1	school	-4.559786380111753	-4.5601168839042066	-0.00033050379245414625	-0.00033576678348475313	5.2629910306068476e-06	23.122759264842763	23.37773406982295	0.7510508139170512	0.0001068434331324849	1.3074986512571725	1.3220065817584752	0.054213801363520005
layer0_two	4	unrelated_school_question	1	check	-4.981650304700127	-4.981286689543963	0.0003636151561633545	0.0003617643883445965	1.8507678187580069e-06	23.065093940008143	23.315022309660375	0.7486704182398354	0.00010680156903876928	1.3004387401536026	1.3149821378001059	0.05417388206476537
layer0_two	4	unrelated_school_question	2	school	-3.843742266783171	-3.8437895026776623	-4.723589449173495e-05	-3.717138770975794e-05	-1.0064506781976974e-05	22.95049898764111	23.197910865128716	0.7395400580480328	0.00010640148780537358	1.2991530739220536	1.3134562670943128	0.05417523413724152
layer0_two	4	unrelated_school_question	2	check	-4.135089023910485	-4.135168657647766	-7.963373728149644e-05	-7.425226405819493e-05	-5.3814732233014895e-06	23.38178399143936	23.643120017895868	0.744836014502357	0.00010670308432651723	1.302543040240279	1.3168755205894815	0.05407498441719026
layer0_two	4	unrelated_school_question	3	school	-5.112369700630821	-5.111777730913405	0.0005919697174154512	0.0006052159949078563	-1.324627749240519e-05	22.91364075209933	23.155519604281658	0.732815389586493	0.0001070359673702612	1.3049049720188222	1.3194471582344545	0.053969050271197985
layer0_two	4	unrelated_school_question	3	check	-4.747720260226903	-4.7482780939512015	-0.0005578337242987452	-0.00057636201505939	1.8528290760644775e-05	23.494178923266087	23.76283869364136	0.7574322603955426	0.00010729043256984909	1.3188256481496488	1.3340002361545396	0.05511933524964181
layer0_two	5	train_moon			-6.0348931620458535	-6.027499672234894	0.0073934898109593306	0.006946000489355289	0.0004474893216040401	9.959440626865657	9.353893074501359	0.6187926029782664	5.179200832642563e-05	0.41273149578265145	0.3845735056932781	0.02990723596885616
layer0_two	5	train_mars			-7.667877136058209	-7.660960101619989	0.006917034438220959	0.006932760396227688	-1.57259580067297e-05	21.718375433287726	20.41941758985586	1.5103759379859136	0.00021131820210729018	1.5911552224583614	1.5090703263849876	0.1324807599589809
layer0_two	5	heldout_moon			-4.835362389907787	-4.831694767277385	0.0036676226304015644	0.003431550338487114	0.00023607229191445036	5.224166823542878	4.832882927877723	0.42473926211769364	4.769447744495214e-05	0.3799954098404667	0.35043685534437574	0.03065540719151026
layer0_two	5	heldout_mars			-5.99070779760978	-5.988768200354179	0.0019395972556011745	0.001666458734239816	0.00027313852136135835	4.240967083809542	3.8259430674431543	0.5255885324168116	2.6509317160646206e-05	0.2631607055889042	0.23818686753784205	0.028662252385932074
layer0_two	5	neutral_library			-5.395315910551934	-5.395288377185317	2.7533366617553995e-05	-6.379628050728824e-05	9.132964712484201e-05	7.508066247623148	7.554098673044259	0.6150568392535838	3.4355649186035636e-05	0.6278898218804715	0.6316669171406661	0.037186555081797835
layer0_two	5	neutral_carpenter			-6.629534654167168	-6.629466550844266	6.810332290158409e-05	7.815117232305131e-05	-1.0047849421467199e-05	16.969748148417622	16.480922231565003	0.546211385518074	1.000289331608538e-05	0.5430485664991367	0.5355093101128497	0.017692539642405955
layer0_two	5	neutral_rain			-4.8060621850734355	-4.806566410567648	-0.0005042254942130762	-0.00046095013168898124	-4.3275362524094716e-05	12.591139061149569	12.405432208981274	1.7117339742443176	8.59991636606501e-05	0.5168484454516904	0.5298383741471064	0.05759312829658426
layer0_two	5	bme_original	1	school	-4.250537367884403	-4.251002414971126	-0.0004650470867225367	-0.0004884992289419485	2.3452142219411956e-05	25.338896150548127	25.61456039763448	0.7664071698417864	0.00011292581119897516	1.364110619347104	1.3753446037996555	0.05236159891830142
layer0_two	5	bme_original	1	check	-4.453086950729449	-4.452787404224662	0.0002995465047884086	0.0002799396414825466	1.9606863305862048e-05	25.24900680104199	25.52348656591101	0.7646615244544739	0.00011295918700219674	1.3587879091730117	1.3698798559618441	0.05237693473877617
layer0_two	5	bme_original	2	school	-3.4868204878015328	-3.486741954014102	7.853378743085763e-05	7.850958819459912e-05	2.4199236258457598e-08	25.354738158492346	25.62333407333495	0.7555134131696106	0.0001125512995647909	1.3577761557632737	1.3685721415207868	0.05236881924479531
layer0_two	5	bme_original	2	check	-3.6879325101236273	-3.688035024524297	-0.00010251440066998237	-0.0001102217640012379	7.70736333125545e-06	25.818994873859946	26.10830338075167	0.7659185926126892	0.00011265723114420011	1.3587886566542235	1.369769749244783	0.052464570731506524
layer0_two	5	bme_original	3	school	-4.949410591610877	-4.9483599144215615	0.0010506771893167473	0.0010461787869923886	4.4984023243586485e-06	25.175856461797753	25.44883213518742	0.7502834662533402	0.00011229054547507988	1.3596837967900168	1.3713843823643708	0.05256736477713828
layer0_two	5	bme_original	3	check	-4.3177931060506385	-4.317642545676231	0.00015056037440777843	0.0001341415102383754	1.6418864169403023e-05	25.76820556799856	26.045006278202894	0.7535766499943608	0.00011336918235968858	1.372883002231302	1.3845542870059513	0.05257386993145573
layer0_two	5	bme_heldout	1	school	-4.230439402679612	-4.231183406626011	-0.0007440039463990056	-0.0007323160718264914	-1.1687874572514227e-05	28.431368122509323	27.675823137675295	1.9749957775970985	0.00024279058309945652	1.7626676719240337	1.7054456864127656	0.13167691154241573
layer0_two	5	bme_heldout	1	check	-4.415714629379279	-4.415896262856156	-0.00018163347687802795	-0.0001622030755842834	-1.9430401293744445e-05	28.234067672759767	27.471968428974794	1.972450245844312	0.00024065525641544976	1.7632419307724352	1.7059745708943157	0.13174776740520266
layer0_two	5	bme_heldout	2	school	-3.4405559504278496	-3.440797615870199	-0.000241665442350066	-0.00023217447343623884	-9.490968913827065e-06	28.434931741216435	27.68736408283386	1.9847731938919746	0.0002497996837590542	1.759454290580677	1.7015386135709105	0.1319396232056675
layer0_two	5	bme_heldout	2	check	-3.6545988540916334	-3.6548866579152484	-0.0002878038236152881	-0.00028107202740004767	-6.731796215240346e-06	28.674560581578852	27.963730207827723	1.997086086258829	0.00025117460940267866	1.759937713865274	1.7020152776239752	0.13213303240425758
layer0_two	5	bme_heldout	3	school	-4.911311687329274	-4.910458440265341	0.0008532470639329969	0.0008303402889337901	2.2906774999206775e-05	28.267721929105033	27.508467515004416	1.9749504740299197	0.00024135235086013098	1.7587418628514824	1.701182924865732	0.1319418402675679
layer0_two	5	bme_heldout	3	check	-4.319620406042284	-4.320154155132902	-0.000533749090618794	-0.0005879793565607238	5.42302659419299e-05	28.975077271181355	28.278688276506053	1.9827674332761998	0.00024580229707165107	1.772460841114294	1.7165505741536915	0.1321588654296482
layer0_two	5	unrelated_school_question	1	school	-4.560116883904415	-4.56040695860899	-0.0002900747045736902	-0.0002974354170377828	7.360712464092615e-06	23.889826241386345	24.165059552848245	0.784916391610894	0.0001209905881770978	1.3553992910387553	1.3694869618292356	0.05534499547425213
layer0_two	5	unrelated_school_question	1	check	-4.981286689544339	-4.980859543481336	0.00042714606300227543	0.00042133455226679397	5.811510735481524e-06	23.83891421222235	24.109470539016474	0.7829385128370864	0.00012087288415603866	1.3482614871501983	1.3623180902617753	0.055299576303471404
layer0_two	5	unrelated_school_question	2	school	-3.843789502677982	-3.8438594347150357	-6.993203705302788e-05	-6.320754875225318e-05	-6.724488300774614e-06	23.712261841258172	23.98099889552029	0.7767178466526592	0.00012037683473022953	1.3462976995684286	1.3600137633434215	0.05553360015378081
layer0_two	5	unrelated_school_question	2	check	-4.135168657647912	-4.135260477153478	-9.181950556535714e-05	-9.04949969745367e-05	-1.324508590820363e-06	24.147447061815626	24.438934687696722	0.7889473593788219	0.00012050986246883168	1.3499283791596386	1.3638042883362518	0.05546908263807316
layer0_two	5	unrelated_school_question	3	school	-5.111777730913149	-5.111123664884319	0.0006540660288289792	0.0006663458762352446	-1.2279847406265353e-05	23.68431320889712	23.951399393911306	0.766143397572083	0.00012097445275050646	1.3527064572806464	1.366999729934419	0.055098977986962894
layer0_two	5	unrelated_school_question	3	check	-4.748278093951449	-4.7488513806166965	-0.0005732866652473014	-0.0005996416840487727	2.635501880147143e-05	24.211022091600157	24.502731239147515	0.7947249008340125	0.0001218908090465956	1.365659015000024	1.3805805520138743	0.056421466111079545
layer0_two	6	train_moon			-6.0274996722353595	-6.01799032333904	0.009509348896317337	0.008871361782788521	0.0006379871135288162	12.716852732283241	11.943080351532927	0.7990435981009031	8.907736088240037e-05	0.5414652817874249	0.5022112757796937	0.04168803369316
layer0_two	6	train_mars			-7.660960101620321	-7.654566313474767	0.006393788145553447	0.0067370205833466364	-0.0003432324377931879	24.118109104015744	22.800562970895374	1.5991614806941397	0.0003069606374889303	1.7616716820252547	1.670205793620881	0.1485094553743325
layer0_two	6	heldout_moon			-4.83169476727739	-4.826990414106802	0.004704353170587964	0.004355494174732911	0.00034885899585505316	6.827338468267037	6.349943227897141	0.5248622951343553	0.00011271763809005962	0.5037638112491294	0.4638848665114265	0.04115402384301977
layer0_two	6	heldout_mars			-5.9887682003538005	-5.985709315943545	0.003058884410255195	0.002674262421128592	0.00038462198912660286	6.117136413073682	5.49740647012847	0.6836616640354433	5.359293206501641e-05	0.3686875980789763	0.33177308096247543	0.03928751857682236
layer0_two	6	neutral_library			-5.395288377184962	-5.395244562430285	4.381475467723257e-05	-7.359042108289e-05	0.00011740517576012235	8.392296036190153	8.224776671348991	0.8393923508554526	5.195298626938403e-05	0.6624774032364303	0.6582912906619013	0.049088299306032354
layer0_two	6	neutral_carpenter			-6.629466550844666	-6.629441541521978	2.500932268786708e-05	3.791226714554336e-05	-1.2902944457676188e-05	19.526415928581102	18.81797033790052	0.7671529311873176	1.5368377658352866e-05	0.5900485560805884	0.5772287582997461	0.024356283766506743
layer0_two	6	neutral_rain			-4.806566410567733	-4.807281781330174	-0.0007153707624404053	-0.0006518480444398488	-6.35227180005564e-05	15.069717477009524	14.037031331122229	2.2935778426863043	6.489755460177717e-05	0.5265917582500196	0.5188015383157296	0.07936143496922866
layer0_two	6	bme_original	1	school	-4.251002414972389	-4.25141270394808	-0.00041028897569094056	-0.0004374092785880335	2.712030289709291e-05	25.763218928815387	26.062464346678702	0.8258204069279692	0.00012566831253217706	1.4017200661170757	1.4130488889480244	0.05374216662081049
layer0_two	6	bme_original	1	check	-4.452787404224943	-4.452418476366991	0.00036892785795174563	0.00034501376278316825	2.3914095168577285e-05	25.659382329283766	25.956371246227636	0.8233118434947783	0.0001256683438751236	1.3964783036339847	1.407575891460249	0.053714732982712135
layer0_two	6	bme_original	2	school	-3.4867419540145086	-3.4867705174069794	-2.856339247046119e-05	-3.1342394697299325e-05	2.7790022268381342e-06	25.748020537670122	26.039851786941483	0.8200398117593642	0.00012509116127261885	1.3948420291717216	1.4055053083386624	0.05399750446971997
layer0_two	6	bme_original	2	check	-3.688035024524707	-3.6881858887301977	-0.0001508642054910051	-0.00016187565513885733	1.1011449647852279e-05	26.2221337974201	26.54310788373192	0.8375558011081348	0.00012529793442975665	1.3957434396990374	1.4066281383826573	0.054160226889609024
layer0_two	6	bme_original	3	school	-4.948359914421554	-4.947281189566051	0.0010787248555029494	0.0010692493940657748	9.475461437174693e-06	25.553864751379052	25.855590099115613	0.8141570263830987	0.00012475286884544576	1.3964877573767815	1.4084123906038999	0.05413888642012462
layer0_two	6	bme_original	3	check	-4.317642545676508	-4.317512659127203	0.00012988654930440324	0.00010724519745927332	2.2641351845129965e-05	26.131632296732064	26.438850111954746	0.8184237620504949	0.0001256380751415783	1.409878588758793	1.421929098587363	0.054166172842423546
layer0_two	6	bme_heldout	1	school	-4.231183406626927	-4.231992844850989	-0.0008094382240622003	-0.000790673395535797	-1.876482852640326e-05	31.198291585730658	30.957698848596138	1.3461348256909196	0.0015911334529572227	1.9774272587981108	1.9502182545652564	0.10198879197445165
layer0_two	6	bme_heldout	1	check	-4.415896262856203	-4.416161370789409	-0.00026510793320530095	-0.00024083108050565195	-2.427685269964893e-05	31.00350557910167	30.755715822537336	1.3371461760005146	0.0015907952367256865	1.978429066934818	1.9511691259115675	0.10197119852495694
layer0_two	6	bme_heldout	2	school	-3.4407976158710674	-3.441192989629652	-0.0003953737585850811	-0.00038661891673836467	-8.754841846716482e-06	31.160472168641153	30.927152695824297	1.3844599751288262	0.0015915199096154342	1.9755226141697313	1.9474948181699596	0.1025032223359249
layer0_two	6	bme_heldout	2	check	-3.6548866579160726	-3.6552687240139723	-0.0003820660979000122	-0.0003719848066218154	-1.0081291278196818e-05	31.341910832613138	31.14626085672412	1.4202710023518064	0.0015919167303335509	1.976293669867715	1.9481320073267026	0.10305584242780894
layer0_two	6	bme_heldout	3	school	-4.910458440265439	-4.909556717715567	0.0009017225498721577	0.0008618297951831547	3.9892754689003074e-05	31.00815699807708	30.763927944032787	1.3507104750537227	0.0015914683793355332	1.974350103908385	1.9467178197568846	0.10289668083290338
layer0_two	6	bme_heldout	3	check	-4.3201541551327685	-4.320666197901685	-0.0005120427689173164	-0.0005763599300823413	6.431716116502486e-05	31.597726520274424	31.403017519231746	1.3689632484209133	0.0015912465370824973	1.9856635031496042	1.9595048193544855	0.10279347079168695
layer0_two	6	unrelated_school_question	1	school	-4.560406958608701	-4.560657372615184	-0.0002504140064821621	-0.000259204276181577	8.790269699414818e-06	24.371469781056184	24.674858384803283	0.8353062662999962	0.000132644940659374	1.3934924448924177	1.4080099121264675	0.056147583062467595
layer0_two	6	unrelated_school_question	1	check	-4.980859543481158	-4.980368584164626	0.0004909593165307047	0.0004810337800526801	9.925536478024503e-06	24.323513931519052	24.622863296094547	0.8342863900047262	0.00013247600012958655	1.386100460896654	1.40049753222903	0.05608210045777933
layer0_two	6	unrelated_school_question	2	school	-3.843859434714446	-3.8439922114598253	-0.0001327767453787818	-0.0001313434937153683	-1.4332516634134637e-06	24.182608721628878	24.478738754001693	0.8333040470233783	0.0001317984150191434	1.38377813190385	1.3976118632127752	0.05666757745724177
layer0_two	6	unrelated_school_question	2	check	-4.135260477153169	-4.135408379131395	-0.00014790197822477945	-0.00015251573165668507	4.613753431905606e-06	24.624709790202186	24.95402342011798	0.856125464172798	0.00013151546415428187	1.3874968296095305	1.4016693746920468	0.05676747137533114
layer0_two	6	unrelated_school_question	3	school	-5.111123664884455	-5.110413966106305	0.0007096987781502993	0.0007198657641463759	-1.0166985996076482e-05	24.15131008949976	24.453402356053015	0.8214708350420317	0.0001321314780522815	1.3904744094754464	1.4054360235810428	0.05598990091176582
layer0_two	6	unrelated_school_question	3	check	-4.748851380617068	-4.749500934321451	-0.0006495537043841121	-0.0006847075941852365	3.5153889801124384e-05	24.63287141721808	24.954138228171963	0.8479249698954211	0.0001345639339639546	1.4022692270329293	1.4177139732103121	0.057301021758179006
layer0_two	7	train_moon			-6.0179903233412615	-6.005647559029267	0.012342764311994525	0.011479316458799984	0.0008634478531945398	16.02390023674655	15.107494570832168	0.9708589810791327	0.00013982437176272925	0.7063091001544378	0.6546427424512968	0.05554716380225157
layer0_two	7	train_mars			-7.654566313474513	-7.649868706873882	0.004697606600631588	0.005349029533411697	-0.0006514229327801107	23.77900143856576	22.82625680196131	1.3222764968659868	0.0003843266209174812	1.7594639750556689	1.681242646301738	0.13142375579215698
layer0_two	7	heldout_moon			-4.8269904141052935	-4.820894764142291	0.006095649963003158	0.005595864038684812	0.0004997859243183453	8.60430376791469	8.120450512441572	0.6122548494845083	0.0002321258989392024	0.6573063783257017	0.6079180989583871	0.051713384477747884
layer0_two	7	heldout_mars			-5.985709315944988	-5.981180520173019	0.004528795771969264	0.004019173697734992	0.000509622074234272	8.595183334539499	7.81210208787586	0.8252322488375146	9.769797796618237e-05	0.5104692240979921	0.46136792601573	0.05102327736273191
layer0_two	7	neutral_library			-5.395244562427024	-5.395190531931292	5.403049573173201e-05	-9.051931898821416e-05	0.00014454981471994632	10.388496742713913	9.890783452698008	1.0968789311650877	7.4777576182371e-05	0.7222856988388549	0.7048262188198348	0.06287946459024929
layer0_two	7	neutral_carpenter			-6.629441541519569	-6.62948407360073	-4.2532081161509674e-05	-2.6501507221888273e-05	-1.603057393962139e-05	22.08172913132418	21.150548802891993	0.9895836833460377	2.1403490787690516e-05	0.6350138731400943	0.6159891627617979	0.0314893710820959
layer0_two	7	neutral_rain			-4.80728178133382	-4.808245955827162	-0.0009641744933417883	-0.0008815577313003864	-8.261676204140171e-05	20.35202920115751	18.219243714421356	3.0260212523948415	0.000104803990175272	0.6222516419067786	0.5721613732369465	0.10221674697351193
layer0_two	7	bme_original	1	school	-4.251412703947584	-4.251761913565804	-0.0003492096182200584	-0.0003790712594392067	2.9861641219148275e-05	25.607047531267614	25.915590520962045	0.895256124653762	0.0001310207586516446	1.4083869981123127	1.4200306534484064	0.05478752464849211
layer0_two	7	bme_original	1	check	-4.45241847636762	-4.452006329522891	0.00041214684472907516	0.0003843955412248905	2.7751303504184596e-05	25.48725308307545	25.79212445592117	0.8913042351087458	0.00013099957847125584	1.403459594736363	1.4147663667645445	0.05466016846778867
layer0_two	7	bme_original	2	school	-3.4867705173993855	-3.486999257535267	-0.0002287401358816582	-0.00023583832520619264	7.0981893245344175e-06	25.529844678810438	25.8281801172444	0.8945318142390906	0.00013009878536997642	1.4010446501215514	1.411657491040436	0.05534930379776122
layer0_two	7	bme_original	2	check	-3.688185888725063	-3.6884480516292317	-0.0002621629041684768	-0.0002778454178377932	1.5682513669316504e-05	26.02290536721827	26.360118494579314	0.9206654685681837	0.00013041724350466415	1.4020599375277376	1.4129285763658004	0.05561245367808141
layer0_two	7	bme_original	3	school	-4.94728118956284	-4.946211642144692	0.0010695474181474467	0.0010545193530785443	1.5028065068902263e-05	25.320340997190367	25.638242047320468	0.890972463702635	0.00012996389381104647	1.4022883160885802	1.4146038543664519	0.05531471712087345
layer0_two	7	bme_original	3	check	-4.317512659121934	-4.317473564644701	3.9094477232283946e-05	9.975305139561449e-06	2.9119172092722492e-05	25.87195635305824	26.19606552657203	0.8966083299656772	0.00013059445797234374	1.415487762566579	1.4280805649689075	0.05548136725570089
layer0_two	7	bme_heldout	1	school	-4.231992844850587	-4.232903179281896	-0.0009103344313090503	-0.0008830353451475323	-2.7299086161517866e-05	32.10320544544702	33.0236082561933	2.3275787214534254	0.001823884563562408	2.0919365824419023	2.1429539423761734	0.16444835935871066
layer0_two	7	bme_heldout	1	check	-4.4161613707892275	-4.416578141165216	-0.0004167703759878734	-0.0003858232927297509	-3.09470832581224e-05	31.906146569714394	32.82396033738924	2.3168433513692426	0.001824019423286905	2.093354847870655	2.144357605638593	0.16434104937172125
layer0_two	7	bme_heldout	2	school	-3.4411929896227513	-3.4418333464994526	-0.0006403568767013174	-0.0006366827356855195	-3.6741410157977317e-06	32.00458981480737	32.928121770372535	2.3615204747225524	0.001824046607443774	2.0915345072960534	2.1416318481848973	0.1647322936749666
layer0_two	7	bme_heldout	2	check	-3.655268724009432	-3.6558218366538124	-0.0005531126443806908	-0.0005414368533384542	-1.1675791042236476e-05	32.12939834324997	33.09040781696436	2.4004049100378544	0.0018243840538753923	2.093305400612592	2.14295257623396	0.16544053574861223
layer0_two	7	bme_heldout	3	school	-4.909556717711981	-4.908627486516111	0.0009292311958700195	0.0008662170341246675	6.301416174535209e-05	31.873547889191496	32.79275188779823	2.337565626338044	0.0018267499987527883	2.090670352596338	2.1408598264939407	0.16644055097134913
layer0_two	7	bme_heldout	3	check	-4.320666197897383	-4.3212057164614635	-0.000539518564080325	-0.0006140396623096384	7.452109822931342e-05	32.360325204343546	33.31063379475592	2.345548627137124	0.0018240520160553366	2.099125973477246	2.150852734792833	0.1649608006326098
layer0_two	7	unrelated_school_question	1	school	-4.5606573726147435	-4.5608779778022415	-0.00022060518749808094	-0.00022984864004090046	9.243452542819449e-06	24.27839098336852	24.600368002929727	0.9013628518079679	0.00013589813622915035	1.4015069474635153	1.4169726243690544	0.05702799026536967
layer0_two	7	unrelated_school_question	1	check	-4.980368584164361	-4.979828986229645	0.0005395979347150795	0.0005256249782010287	1.3972956514050724e-05	24.228178110566258	24.54689622930535	0.9015744253642239	0.00013573532918429576	1.393475209968789	1.4087006334493168	0.05692080339817111
layer0_two	7	unrelated_school_question	2	school	-3.843992211453951	-3.8442473699214776	-0.0002551584675263031	-0.0002619947990056074	6.836331479304283e-06	24.08856302315033	24.400002070896498	0.9057485655048533	0.00013494566331407985	1.3915863377463014	1.4059095964732613	0.057859135321974654
layer0_two	7	unrelated_school_question	2	check	-4.135408379124231	-4.135679286301057	-0.0002709071768261752	-0.0002843064227537095	1.3399245927534323e-05	24.54626921439494	24.90203547164789	0.9406333804916667	0.0001343377336466967	1.3951758674239507	1.4100081743066761	0.058264014014904116
layer0_two	7	unrelated_school_question	3	school	-5.110413966103317	-5.109675749143336	0.0007382169599808008	0.0007451906574472665	-6.973697466465801e-06	24.03350789229994	24.36270996902675	0.899808221125605	0.00013466640680542214	1.3977412821309423	1.4139268416685693	0.05710617280520128
layer0_two	7	unrelated_school_question	3	check	-4.749500934311667	-4.750316085519611	-0.0008151512079432377	-0.0008596415728405454	4.449036489730765e-05	24.48656879742675	24.827794885703465	0.9150371359024703	0.0001393720943424693	1.4083289727179589	1.424729394429641	0.0580516769345017
layer0_two	8	train_moon			-6.005647559031004	-5.989726485036494	0.015921073994511214	0.014814508964591525	0.00110656502991969	19.738095998937403	18.727168774046614	1.1210820027830029	0.00019472385416939705	0.9010432415230177	0.8371540800831689	0.07038715418879589
layer0_two	8	train_mars			-7.649868706876772	-7.64734030621956	0.00252840065721287	0.0031580064416992055	-0.0006296057844863356	19.817228310971203	19.313799461244955	0.8828558034457671	0.00027786419216132435	1.5025893152316168	1.4530458103900494	0.0863093766047747
layer0_two	8	heldout_moon			-4.820894764138607	-4.812988056241963	0.007906707896644069	0.00721429869353452	0.0006924092031095468	10.235679921535484	9.860074656600068	0.8135960142240252	0.0004002274658884212	0.8323329977322697	0.7765304067597324	0.06174738864994184
layer0_two	8	heldout_mars			-5.981180520171988	-5.974874243879603	0.006306276292384767	0.00568056118762792	0.0006257151047568462	11.472860566268684	10.598568634319665	0.9247423764338074	0.00016224691525900742	0.6826016109080598	0.6226382870124144	0.0633276013047818
layer0_two	8	neutral_library			-5.395190531928189	-5.395066228406561	0.00012430352162851044	-3.9931871923503506e-05	0.00016423539355201394	13.609622472273315	12.778852891465226	1.3186817072048458	9.745767866844336e-05	0.8168300901066929	0.7821288802573816	0.07566266794166784
layer0_two	8	neutral_carpenter			-6.629484073595787	-6.6296280845263365	-0.00014401093055038672	-0.00012465368864499087	-1.9357241905395856e-05	23.952049823386258	22.88247439791291	1.129260602622195	2.6342760485231957e-05	0.6700084251396706	0.6456684970039457	0.037068593212990227
layer0_two	8	neutral_rain			-4.808245955830887	-4.809491801153517	-0.0012458453226303584	-0.0011477893814985777	-9.80559411317805e-05	29.064323370392287	25.737047999985997	3.978311418169831	0.0002779005719310981	0.8440481999230622	0.7497128561997448	0.12362046058621647
layer0_two	8	bme_original	1	school	-4.251761913566243	-4.2520336709228985	-0.0002717573566542955	-0.00030218057528138675	3.0423218627091233e-05	24.839359424365146	25.11453392732524	0.965549119493221	0.0001230444834042905	1.3727407708573456	1.3838086061339454	0.056079849306804784
layer0_two	8	bme_original	1	check	-4.452006329523574	-4.451588302613601	0.0004180269099723376	0.0003882624037487095	2.9764506223628186e-05	24.70507257171276	24.975227171813415	0.9589581177486306	0.00012305005222174148	1.3682562609437965	1.3788988324148657	0.05579727058489744
layer0_two	8	bme_original	2	school	-3.486999257521956	-3.487506802618683	-0.0005075450967268169	-0.000520964890048417	1.3419793321600154e-05	24.669712932939596	24.93232083513535	0.964433878556481	0.00012196429951081059	1.3650989745665585	1.3747317740294116	0.05674270572666107
layer0_two	8	bme_original	2	check	-3.6884480516201936	-3.688879637389268	-0.00043158576907468995	-0.0004538801526317987	2.2294383557108777e-05	25.203560480680153	25.516052068956807	0.9993187937765278	0.00012228482128507392	1.3666457731719412	1.3765591675974713	0.05712624509896027
layer0_two	8	bme_original	3	school	-4.946211642140204	-4.945180173458258	0.0010314686819459726	0.0010136035127854216	1.7865169160550973e-05	24.478056731039302	24.775352690049612	0.9710511128292226	0.0001220879208542506	1.3656689179992512	1.3774163521368723	0.0565381343932307
layer0_two	8	bme_original	3	check	-4.317473564635965	-4.317599701534333	-0.00012613689836716291	-0.00016102636847806922	3.488947011090638e-05	24.990235205488926	25.293324573189437	0.97777516487019	0.00012256493816131716	1.3784711687377544	1.3905601635886957	0.05690472069327621
layer0_two	8	bme_heldout	1	school	-4.2329031792819345	-4.233943119407976	-0.0010399401260409852	-0.001005075181579005	-3.486494446198039e-05	31.568432862155433	33.0132280646799	3.4633343302462047	0.0011860904388427866	2.1348737331566046	2.2250501626589307	0.24340330595617854
layer0_two	8	bme_heldout	1	check	-4.416578141166541	-4.417233286828854	-0.0006551456623125212	-0.0006135997961612936	-4.1545866151227594e-05	31.361894477134197	32.80945856191199	3.4533214530971454	0.0011863141256732023	2.1365887903622216	2.226851552467471	0.24337845691098167
layer0_two	8	bme_heldout	2	school	-3.441833346486698	-3.442786830254173	-0.000953483767474538	-0.0009604836498556094	6.999882381071296e-06	31.387542808997093	32.832534703096435	3.4868478028234215	0.001190553570372933	2.1352540091143624	2.224651744985004	0.24346233331528827
layer0_two	8	bme_heldout	2	check	-3.655821836645153	-3.6566165252947918	-0.0007946886496384334	-0.0007853641702036893	-9.324479434744125e-06	31.458378559975326	32.94176994549617	3.5291867678388287	0.0011907339401100259	2.139649104481915	2.22791759635295	0.24434149449297923
layer0_two	8	bme_heldout	3	school	-4.9086274865119055	-4.907676496262983	0.0009509902489214586	0.0008652583619504656	8.573188697099299e-05	31.33330950021459	32.775359463209554	3.4819918668220504	0.0011904794846787131	2.1388173141711087	2.226463724373563	0.24707143754592875
layer0_two	8	bme_heldout	3	check	-4.321205716456342	-4.321818785838134	-0.0006130693817920159	-0.0006983367589747394	8.526737718272358e-05	31.708415369481695	33.181664770541616	3.475605618362893	0.0011889073698889156	2.1410828163556213	2.2319244763942008	0.24376353935717487
layer0_two	8	unrelated_school_question	1	school	-4.560877977802142	-4.561082817185154	-0.000204839383012273	-0.00021298503249813627	8.145649485863312e-06	23.524468721700778	23.82199752535077	0.9756293820703325	0.00012528387466086407	1.3653269555340863	1.3807037180538544	0.05861582068516697
layer0_two	8	unrelated_school_question	1	check	-4.979828986229602	-4.979268274960536	0.0005607112690658616	0.0005439372865242562	1.6773982541605335e-05	23.463890915130836	23.75847623287986	0.9766236516335379	0.00012508943923387946	1.3557624438456835	1.3707477251550373	0.05845283108398813
layer0_two	8	unrelated_school_question	2	school	-3.8442473699123316	-3.8446843436267524	-0.0004369737144200141	-0.00045506857513239905	1.8094860712384967e-05	23.356670041840413	23.64012930514045	0.9815925531082368	0.0001256109614434102	1.3553053179962316	1.36911904706886	0.05940286153351199
layer0_two	8	unrelated_school_question	2	check	-4.135679286289859	-4.136143492045322	-0.00046420575546383426	-0.0004892727398235785	2.506698435974422e-05	23.84983476894667	24.188389789471636	1.0255620433215764	0.00012544840651754793	1.3586588894069904	1.37303590073969	0.06005492174018022
layer0_two	8	unrelated_school_question	3	school	-5.109675749142554	-5.108952193348178	0.0007235557943777888	0.0007288278914552351	-5.272097077446161e-06	23.265127240976412	23.58045853514359	0.9923641437029145	0.00012371058378884866	1.360118751155028	1.3764446015453318	0.05898653169327637
layer0_two	8	unrelated_school_question	3	check	-4.750316085503326	-4.7513862681332375	-0.0010701826299117515	-0.0011228857389805793	5.270310906882769e-05	23.714924350139622	24.038189573471755	0.9906958198916823	0.0001298919659740572	1.3697510493836784	1.3860127096545136	0.059377439842396115
layer2_two	1	train_moon			-6.054310648990556	-6.035501623174428	0.018809025816126822	0.018930227801085945	-0.00012120198495912185	7.308531867924296	7.307247136252274	0.09621515141670733	7.805364814871867e-06	0.5603080950252349	0.5590403164713863	0.007426162471182375
layer2_two	1	train_mars			-7.690931174917135	-7.686350312077662	0.004580862839472388	0.004584861925021668	-3.999085549279353e-06	5.095999512984617	5.078464799484091	0.02058533504222378	4.5317869670861783e-07	0.1953622547023586	0.19513955676560304	0.0005478052137514409
layer2_two	1	heldout_moon			-4.844955098924322	-4.835975973605646	0.008979125318675785	0.008984174009409839	-5.048690734053912e-06	8.43621667182558	8.437107379040912	0.06178817367555754	2.9773872270624738e-06	0.39044255586581184	0.3913172472480694	0.0031755251682483283
layer2_two	1	heldout_mars			-5.992972437423482	-5.9856150216591235	0.007357415764358587	0.007383148675419877	-2.573291106129186e-05	9.862039122265086	9.7763110856742	0.13304337467729174	4.766454061995489e-06	0.5305111541741057	0.529220488605632	0.004182411263884756
layer2_two	1	neutral_library			-5.394930345087448	-5.395342410852945	-0.00041206576549619934	-0.00041472190015615594	2.6561346599565487e-06	13.448737068448631	13.413603844429245	0.11565368737997404	6.30773255732022e-06	0.5727044748144665	0.5731046694303471	0.004670991101040035
layer2_two	1	neutral_carpenter			-6.6300027774968	-6.630325177503777	-0.00032240000697649764	-0.0003183872474056434	-4.012759570854276e-06	10.64234716790123	10.65391567337338	0.06164217539214753	2.08391629717645e-06	0.6208118421582732	0.6208392094849359	0.003722366880740185
layer2_two	1	neutral_rain			-4.805121602523071	-4.809575627341715	-0.004454024818643479	-0.004417390772635655	-3.6634046007824085e-05	27.68469976068969	27.905971335703626	0.289117351260598	1.3551968478828553e-05	0.8800015424444491	0.8814784967305648	0.008227935046447563
layer2_two	1	bme_original	1	school	-4.248242936756464	-4.2467338083421104	0.00150912841435336	0.0015154664821799611	-6.33806782660107e-06	17.964132044196763	17.987241235891272	0.12512861423211039	3.6948245991866545e-06	0.9391872621089215	0.9395382082813973	0.008660364598147816
layer2_two	1	bme_original	1	check	-4.453651017016581	-4.4535994934638845	5.1523552696384286e-05	6.612185692544107e-05	-1.4598304229056992e-05	19.080459518245103	19.083654544681345	0.1506292679143636	3.926150801501028e-06	0.9973689604986707	0.9978284362140002	0.008924881344564465
layer2_two	1	bme_original	2	school	-3.4873001148986837	-3.486527980148596	0.0007721347500876363	0.0007858620427846104	-1.372729269697399e-05	19.138980625727804	19.171677014586866	0.1286205722397716	4.039121689376342e-06	0.9616287769789047	0.962015133299655	0.008634171553342241
layer2_two	1	bme_original	2	check	-3.68745475431158	-3.686799036991864	0.0006557173197156621	0.0006666623782333676	-1.0945058517705324e-05	19.39730141499131	19.431000121698993	0.12891379181150867	4.034187583131019e-06	0.9640031172993234	0.9643468050280684	0.008632445804508875
layer2_two	1	bme_original	3	school	-4.953211033610465	-4.952682291077044	0.0005287425334210861	0.0005312111929953222	-2.4686595742361116e-06	18.878522288642785	18.89332911616561	0.12908402120688658	3.7134545959864383e-06	0.9764465058093332	0.9766168474653855	0.008718101859177457
layer2_two	1	bme_original	3	check	-4.318126708937165	-4.317755331606536	0.0003713773306287508	0.0003924616443333431	-2.1084313704592312e-05	20.034791370809504	20.053823336406346	0.13933122716065807	4.874643115570666e-06	1.0495955725516277	1.0508481915073775	0.01013586637485701
layer2_two	1	bme_heldout	1	school	-4.227712482036846	-4.226329749584537	0.001382732452308575	0.0013899414875248616	-7.2090352162866425e-06	18.236542699967842	18.261288499656732	0.23000012676478043	1.577479795314811e-05	0.9693339652464528	0.9701621171884505	0.010481304801879886
layer2_two	1	bme_heldout	1	check	-4.415279389569733	-4.415387607956029	-0.00010821838629479497	-9.327304811607658e-05	-1.4945338178718368e-05	19.217401074957873	19.22632671121796	0.24439416568578598	1.5788999669908832e-05	1.0223250265439523	1.0232323592862542	0.010672883065536414
layer2_two	1	bme_heldout	2	school	-3.44005253562686	-3.439102736787701	0.0009497988391585938	0.000966703820977367	-1.6904981818772987e-05	19.18734812003571	19.221670404356537	0.23129972778031008	1.5857250846576628e-05	0.9965121974547517	0.9974385878527033	0.010528705723816905
layer2_two	1	bme_heldout	2	check	-3.653608461855005	-3.652800654151747	0.0008078077032574566	0.0008208703838638802	-1.3062680606423516e-05	19.54439033931978	19.579154040804887	0.23141650826964488	1.5857786893792548e-05	1.0004426852315849	1.0013484109007096	0.010527511132787102
layer2_two	1	bme_heldout	3	school	-4.914247234775304	-4.913860380470151	0.00038685430515264285	0.0003880283699993624	-1.1740648467194468e-06	18.78731126476486	18.807493251546216	0.23132227115744625	1.5742096922774266e-05	1.0040979690419394	1.0048249562236111	0.010514732846290245
layer2_two	1	bme_heldout	3	check	-4.316916350262312	-4.316773904624119	0.00014244563819199585	0.00016042128868256126	-1.7975650490565326e-05	20.274136297817932	20.29429073314228	0.23886159849987756	1.5867237800845973e-05	1.0815103688740246	1.0829371968558261	0.012019239748340366
layer2_two	1	unrelated_school_question	1	school	-4.558654148190906	-4.556982234776483	0.0016719134144229568	0.0016780277168765875	-6.114302453630689e-06	17.613420102432983	17.637987336839178	0.12616852002469225	6.178528178421687e-06	0.9653765371695149	0.9655741822624931	0.00879640246172919
layer2_two	1	unrelated_school_question	1	check	-4.982556923820014	-4.981886817035797	0.0006701067842180958	0.0006863773058857906	-1.6270521667694622e-05	17.857583449810438	17.872764006769035	0.14631916721826022	6.623134140803655e-06	1.0078165365949003	1.0083297954311992	0.009211108185399965
layer2_two	1	unrelated_school_question	2	school	-3.843679445257395	-3.8429886914386224	0.0006907538187717008	0.0007016568958737557	-1.0903077102054925e-05	18.43332921261021	18.472551795556463	0.1306325955150475	6.189961000565721e-06	0.9828038541383162	0.9831269040381221	0.008804757221053092
layer2_two	1	unrelated_school_question	2	check	-4.134879207313781	-4.134216227460594	0.0006629798531872938	0.0006727149731533793	-9.735119966085676e-06	19.042189928610757	19.083079259794832	0.1311369576158659	6.19078501712035e-06	0.9875971120881577	0.9879157855675743	0.00880503453970498
layer2_two	1	unrelated_school_question	3	school	-5.113978925729231	-5.112985744019438	0.0009931817097931922	0.0009916301293016365	1.551580491555693e-06	17.802787782353704	17.826619922002315	0.12614591991973995	6.179120802657413e-06	0.9871739847989898	0.9872661175413637	0.008789293982334809
layer2_two	1	unrelated_school_question	3	check	-4.745950777227802	-4.745411756315846	0.0005390209119551792	0.0005593895536516383	-2.036864169645904e-05	18.769746879306158	18.791709052199913	0.12945674076999658	6.236428952599903e-06	1.0490957571341708	1.0497399598120518	0.009307727914134327
layer2_two	2	train_moon			-6.035501623174428	-6.014969207417607	0.020532415756820653	0.019584955014253773	0.0009474607425668791	8.136943123403901	7.68956538601519	0.4703685503288073	2.879736632199051e-05	0.6135607148893153	0.582241090646332	0.03322228736772694
layer2_two	2	train_mars			-7.686350312077662	-7.680648797633904	0.005701514443758704	0.005125331201606189	0.0005761832421525143	5.7498759463572044	5.4008288391696295	0.3820756075702846	5.370500617139159e-06	0.21808030458924538	0.20548514334004622	0.016298281448694912
layer2_two	2	heldout_moon			-4.835975973605646	-4.826008296951868	0.009967676653778512	0.009452853020346322	0.0005148236334321898	9.198508777959425	8.788559129504034	0.42728063947022027	1.550191526796701e-05	0.4210695665699302	0.4032749623511768	0.01950496154783973
layer2_two	2	heldout_mars			-5.9856150216591235	-5.977450324952942	0.0081646967061816	0.0077459010271339725	0.00041879567904762804	10.59014138424985	10.136268299986442	0.48930473214985887	2.1404701485622703e-05	0.5632630395657093	0.5421625153335176	0.024766837647448418
layer2_two	2	neutral_library			-5.395342410852945	-5.39579645537817	-0.00045404452522559584	-0.000427708765703463	-2.633575952213294e-05	13.965295291615725	13.587139746564986	0.5181084845114892	2.206093115783584e-05	0.6053648348061331	0.5846608768315039	0.027888370492410938
layer2_two	2	neutral_carpenter			-6.630325177503777	-6.630749482133985	-0.00042430463020887523	-0.00037537576355908727	-4.892886664978786e-05	11.20603198575251	10.860646013503926	0.568526254756991	1.5751847838868826e-05	0.6636758394039844	0.6390247598180342	0.030001365581479533
layer2_two	2	neutral_rain			-4.809575627341715	-4.814222220913748	-0.0046465935720323105	-0.004505619487382076	-0.0001409740846502342	28.21394889046841	27.679029570653213	0.6723712298363104	4.419606832311019e-05	0.9142418926101745	0.889032158235485	0.031975156331546586
layer2_two	2	bme_original	1	school	-4.2467338083421104	-4.245261466892372	0.0014723414497380917	0.0014775415789000368	-5.200129161945255e-06	17.736244512308293	17.66924055898274	0.8286846490324962	2.0438533638638357e-05	0.910438207880828	0.9156055103493966	0.04449715546136854
layer2_two	2	bme_original	1	check	-4.4535994934638845	-4.453576226321074	2.3267142810246426e-05	4.3421190313949316e-05	-2.0154047503702785e-05	18.91651122777216	18.810203090073486	0.8341920527960486	2.064376216255435e-05	0.9695198744232856	0.973517837068126	0.04459990826238127
layer2_two	2	bme_original	2	school	-3.486527980148596	-3.4856891665464063	0.0008388136021896092	0.000799924946670309	3.888865551930008e-05	18.970724896725223	18.862571993812374	0.8393324949510597	1.987313001122566e-05	0.9352254950778933	0.9389879064382957	0.04503530982382494
layer2_two	2	bme_original	2	check	-3.686799036991864	-3.686075880886693	0.0007231561051709407	0.0006868811454521963	3.627495971874453e-05	19.27658520921515	19.141860906873283	0.8449494387071677	1.9883585564326546e-05	0.9385939370008669	0.9418242203709516	0.04535952062855815
layer2_two	2	bme_original	3	school	-4.952682291077044	-4.9521399655879526	0.0005423254890918721	0.0005294784165117164	1.2847072580155828e-05	18.776821315150748	18.643199306261195	0.8561003569274072	2.0044755560367333e-05	0.9539705198748473	0.9557115243025597	0.04545281431951025
layer2_two	2	bme_original	3	check	-4.317755331606536	-4.3173281269493105	0.00042720465722564385	0.0004006927918452317	2.6511865380412075e-05	20.02002992556076	19.833675198091434	0.8732846563028188	2.0437580525355117e-05	1.0306635896137795	1.0298675907960118	0.04659263645332067
layer2_two	2	bme_heldout	1	school	-4.226329749584537	-4.224988336322822	0.001341413261716017	0.00134940889107283	-7.995629356812715e-06	18.36212317316942	18.128347095425497	0.7873638049736661	1.619675664234825e-05	0.9669704375209833	0.9588730847452299	0.04349903940030784
layer2_two	2	bme_heldout	1	check	-4.415387607956029	-4.415530366216775	-0.00014275826074647494	-0.00011880413073437512	-2.3954130012099852e-05	19.382605561475977	19.12160858711108	0.7918704295714486	1.630171524370553e-05	1.0194533568755053	1.0109493584078686	0.04367277518217872
layer2_two	2	bme_heldout	2	school	-3.439102736787701	-3.438074510554776	0.0010282262329249388	0.0009838646459994318	4.436158692550689e-05	19.357855823235408	19.091107354594726	0.801418985368268	1.5573715255649564e-05	0.9965487732072533	0.9869884213372211	0.044162530426966454
layer2_two	2	bme_heldout	2	check	-3.652800654151747	-3.651915221701155	0.0008854324505920936	0.0008442998918066058	4.113255878548791e-05	19.752551735899868	19.463118867419915	0.8080538416865289	1.55876444368895e-05	1.0012492884373967	0.9912667905743944	0.04449093917715486
layer2_two	2	bme_heldout	3	school	-4.913860380470151	-4.9134592435352324	0.0004011369349191339	0.0003886686728127921	1.2468262106341856e-05	18.987195357355542	18.71183078766959	0.8099140584273079	1.5733902960511104e-05	1.0067994458791554	0.9960050275570238	0.044387250454154266
layer2_two	2	bme_heldout	3	check	-4.316773904624119	-4.316573730409755	0.00020017421436469379	0.00017345006411768755	2.6724150247006202e-05	20.56771174826151	20.23526335073908	0.837420083103922	1.7550724275040038e-05	1.0869695237374473	1.0739960407480065	0.045990480425012054
layer2_two	2	unrelated_school_question	1	school	-4.556982234776483	-4.555379963060194	0.0016022717162894522	0.0016231391726295905	-2.0867456340138253e-05	17.33694628676271	17.298607661535183	0.8180654489950576	1.667683160521416e-05	0.9373744331122829	0.9421563341136839	0.04410089118457935
layer2_two	2	unrelated_school_question	1	check	-4.981886817035797	-4.981313957602787	0.0005728594330091738	0.0006198963909232005	-4.703695791402669e-05	17.63193098932421	17.56624778175914	0.8245543482206305	1.7015008012562265e-05	0.9802777976078892	0.9842672887726369	0.04419094271629869
layer2_two	2	unrelated_school_question	2	school	-3.8429886914386224	-3.842244513118793	0.0007441783198297997	0.0007144985937433796	2.9679726086419913e-05	18.218286758418852	18.141112015576592	0.8266183571635045	1.6081626866946532e-05	0.9571601545688639	0.9605771401571587	0.044736334539112174
layer2_two	2	unrelated_school_question	2	check	-4.134216227460594	-4.133520614065654	0.0006956133949399662	0.0006785358599662114	1.7077534973754924e-05	18.87578471111682	18.768765108729117	0.833364962761608	1.609964200558087e-05	0.9626927010617853	0.9656807509316626	0.04505118097056627
layer2_two	2	unrelated_school_question	3	school	-5.112985744019438	-5.1119737692038685	0.0010119748155703278	0.000996001701209483	1.5973114360844614e-05	17.61848611935542	17.533446253268195	0.8360282463381147	1.5694191382233248e-05	0.9641351025453753	0.9662692627987157	0.04489943956610632
layer2_two	2	unrelated_school_question	3	check	-4.745411756315846	-4.74483464607213	0.0005771102437165794	0.0005594901956717199	1.7620048044859545e-05	18.617696566225327	18.50357173291042	0.8409536192249164	1.6005879111777735e-05	1.0315045248151475	1.0302847016488854	0.04631823323165825
layer2_two	3	train_moon			-6.014969207418199	-5.988267378014849	0.026701829403349465	0.02469851266980502	0.002003316733544444	10.989820512098639	10.013144896115131	1.0082465045205782	7.35850345416711e-05	0.7984516081365483	0.7330144887257083	0.06768082028172442
layer2_two	3	train_mars			-7.680648797634039	-7.671628722525858	0.009020075108181569	0.007776592078106562	0.0012434830300750064	7.88423262424717	7.122710810641338	0.8060555986670286	1.4863058328823686e-05	0.30000403944429943	0.2702803705425777	0.034560521540277035
layer2_two	3	heldout_moon			-4.826008296952055	-4.812759849764099	0.013248447187955295	0.012156250792481086	0.0010921963954742108	11.962854994828144	11.069856729772955	0.9157383727359135	4.057096055413455e-05	0.5381950565853874	0.4992029571262986	0.04128131111906502
layer2_two	3	heldout_mars			-5.977450324953727	-5.966581252114396	0.010869072839330394	0.009973983602183023	0.0008950892371473704	13.182403624608474	12.25342850865775	0.9827651588221187	5.5974126856143885e-05	0.6902799278102778	0.6449252438105698	0.05108921524751232
layer2_two	3	neutral_library			-5.39579645537725	-5.396431157295993	-0.000634701918742518	-0.0005775019885253866	-5.7199930217131465e-05	16.518539317560514	15.676965529070747	1.0697750749966015	5.627292994223887e-05	0.7481270420202896	0.6999335946888219	0.058836156162602855
layer2_two	3	neutral_carpenter			-6.63074948213379	-6.631460450336991	-0.0007109682032026221	-0.0006074624418650439	-0.00010350576133757826	13.999511833463867	13.128510469026327	1.2022695539425419	4.249481368044765e-05	0.8399698361515601	0.7844708559216482	0.06343195453313354
layer2_two	3	neutral_rain			-4.814222220912432	-4.8195536263326355	-0.0053314054202035265	-0.005069307533700204	-0.000262097886503322	32.28723990711935	30.987763032055096	1.479276727671089	9.527299250229799e-05	1.082904643287839	1.0258782834987281	0.06699157841393902
layer2_two	3	bme_original	1	school	-4.245261466892016	-4.243753412988097	0.0015080539039189318	0.0015175392645475445	-9.485360628612174e-06	19.323585762152884	18.82881912403502	1.7447005685485037	4.336699354663044e-05	0.9485465419504292	0.9405533829004078	0.09394591343485191
layer2_two	3	bme_original	1	check	-4.453576226321333	-4.45355399257173	2.223374960286453e-05	5.237997598066491e-05	-3.014622637780031e-05	20.635403500530177	20.102673381189664	1.7490552376322601	4.3616972058306674e-05	1.0122631360112793	1.0028891024729987	0.09408575600595619
layer2_two	3	bme_original	2	school	-3.4856891665461256	-3.484583082357087	0.0011060841890382807	0.001013056853133757	9.302733590452342e-05	20.811191228883683	20.242382146736357	1.7696297734251833	4.118012695145008e-05	0.9817901039462539	0.970878437364961	0.095069755336494
layer2_two	3	bme_original	2	check	-3.686075880886416	-3.6851046452410676	0.0009712356453488852	0.0008865833821697065	8.46522631791787e-05	21.242425956331303	20.62373362821469	1.7817500153614563	4.12184221971668e-05	0.9882249546303813	0.976031100513544	0.09576942216636684
layer2_two	3	bme_original	3	school	-4.9521399655879526	-4.951484481834535	0.0006554837534180786	0.000627865250415247	2.7618503002831602e-05	20.7778208689875	20.15285197187297	1.8004944551013513	4.223820374329888e-05	1.0135664629198178	0.9983518027809004	0.09600041313440352
layer2_two	3	bme_original	3	check	-4.317328126948615	-4.316649054295595	0.0006790726530206607	0.0006068872190668265	7.21854339538342e-05	22.33324487030075	21.60321129359599	1.8429554763542821	4.393922316425565e-05	1.1067097333966698	1.0858113815006643	0.09865465072485781
layer2_two	3	bme_heldout	1	school	-4.224988336322326	-4.2236339007287205	0.001354435593604928	0.0013690921149612347	-1.4656521356306595e-05	20.709962800863806	19.949713844967732	1.6441736651667251	4.2288810071576684e-05	1.072111535008526	1.0387308097772752	0.09259155817313643
layer2_two	3	bme_heldout	1	check	-4.415530366216277	-4.415707235730989	-0.00017686951471172668	-0.00013883111016088607	-3.803840455084058e-05	21.816993693438683	21.03284600754537	1.6470273994452818	4.2284192826954054e-05	1.1258715146423928	1.092344116391975	0.09287332399402858
layer2_two	3	bme_heldout	2	school	-3.438074510554651	-3.4367307158230127	0.001343794731638569	0.0012369416923723243	0.0001068530392662449	21.92444063271291	21.09966648412703	1.6758680170801294	4.011882875048298e-05	1.1103956671955253	1.0741894337852536	0.09396287355100104
layer2_two	3	bme_heldout	2	check	-3.6519152217012825	-3.650744332221632	0.001170889479650678	0.0010749304534789414	9.595902617173647e-05	22.423869938665675	21.558443657170294	1.6900983113148138	4.0158574325698284e-05	1.1175904789766171	1.0804193122168189	0.09467156857581928
layer2_two	3	bme_heldout	3	school	-4.9134592435346285	-4.912960985483731	0.0004982580508979609	0.0004723643475551772	2.589370334278377e-05	21.600081594230517	20.754632406169506	1.6911753627877861	4.10794040577161e-05	1.1292560952969843	1.0905974777333307	0.09444173606825954
layer2_two	3	bme_heldout	3	check	-4.316573730409216	-4.316147780450357	0.00042594995885881414	0.000356027167815092	6.992279104372216e-05	23.535363043553737	22.57688809186318	1.7547287345768725	4.5913388100272675e-05	1.2235934678804474	1.1802026544331126	0.09788696511415264
layer2_two	3	unrelated_school_question	1	school	-4.55537996306022	-4.553808461657578	0.0015715014026428055	0.0016148253020180766	-4.332389937527144e-05	18.79398112249594	18.348909051328114	1.7326269232685447	4.1035496234118666e-05	0.9776652346148484	0.969644721829575	0.09408671523145162
layer2_two	3	unrelated_school_question	1	check	-4.981313957602684	-4.98087228826307	0.0004416693396138971	0.0005290383839642506	-8.736904435035332e-05	19.18870660937499	18.702866457888817	1.7415228338551376	4.105115414103143e-05	1.0242269609255916	1.0150914158382405	0.0941722420540417
layer2_two	3	unrelated_school_question	2	school	-3.842244513119278	-3.841275318294331	0.0009691948249477567	0.0008991027401722344	7.009208477552231e-05	19.921271647416415	19.39807003178313	1.7539050795826792	3.9110308432351596e-05	1.0061191667139067	0.9950063678281089	0.09542605683313717
layer2_two	3	unrelated_school_question	2	check	-4.13352061406607	-4.132663465250835	0.0008571488152346799	0.0008153736669262608	4.177514830841905e-05	20.719914670623055	20.144671236593545	1.7686240274065954	3.916893550152797e-05	1.0142225244092626	1.002061175270266	0.09609914920856752
layer2_two	3	unrelated_school_question	3	school	-5.111973769204381	-5.110829651891741	0.0011441173126391288	0.0011142652623729523	2.9852050266176555e-05	19.372361971690886	18.822340928624367	1.7701649675429807	3.858942743540165e-05	1.0214476355741529	1.0076287344385246	0.09572515729239903
layer2_two	3	unrelated_school_question	3	check	-4.7448346460714985	-4.744040479895643	0.0007941661758559195	0.0007433006319096662	5.0865543946253296e-05	20.488313181801374	19.89735399501165	1.780512680629436	3.990515925010425e-05	1.109605764681585	1.0883406330752539	0.09907182897089108
layer2_two	4	train_moon			-5.988267378015296	-5.9505413160132274	0.03772606200206905	0.03450975617544931	0.0032163058266197384	16.453278566420725	14.694223291991806	1.8062880694396912	0.00017112408669242002	1.1401316873412055	1.02935948161857	0.1135922268820033
layer2_two	4	train_mars			-7.671628722526213	-7.656375910853865	0.015252811672350042	0.013042774275386113	0.0022100373969639294	11.968882274784427	10.59619299632999	1.417859607627258	3.9108380507778314e-05	0.4627571101219429	0.4072719199410089	0.06013714785520666
layer2_two	4	heldout_moon			-4.8127598497639665	-4.793446617163576	0.019313232600390435	0.01743659760551213	0.001876634994878305	17.23933376408455	15.644340789387355	1.6216239171714393	9.342950555818955e-05	0.7603763933788029	0.6920592363318505	0.07106565368588712
layer2_two	4	heldout_mars			-5.966581252115044	-5.950757566655803	0.01582368545924138	0.014308223243138962	0.0015154622161024196	18.204112417771785	16.539397978154177	1.7267758475339348	0.00012728926428891843	0.9360656198327151	0.8553802462958625	0.08741712526200915
layer2_two	4	neutral_library			-5.39643115729558	-5.397401896720652	-0.0009707394250722534	-0.0008744865551765849	-9.625286989566861e-05	21.645502519466014	20.068190026737415	1.8496504603000843	0.00013154947852299666	1.0340401656460532	0.9440502013997304	0.1021729098627257
layer2_two	4	neutral_carpenter			-6.631460450337216	-6.6327105334463745	-0.0012500831091589505	-0.0010640319794347358	-0.0001860511297242147	19.76590127129816	18.065740027173625	2.062106391292361	0.00010687167739093019	1.1839784275603027	1.082905869021895	0.11000913446279643
layer2_two	4	neutral_rain			-4.81955362633297	-4.826121275098103	-0.00656764876513205	-0.006142682650840207	-0.00042496611429184355	40.1286665352122	37.885086052680094	2.4813935726517116	0.00019602118821299413	1.4161904949043804	1.312949722166574	0.11549945808705023
layer2_two	4	bme_original	1	school	-4.243753412988557	-4.242177551324534	0.0015758616640218343	0.0016010590903537748	-2.5197426331940602e-05	24.162731436498692	22.551357234775974	3.028493782513858	8.821468810462991e-05	1.1343593688687879	1.0716163379943286	0.16371752793399172
layer2_two	4	bme_original	1	check	-4.453553992572026	-4.4535224999831655	3.1492588860330644e-05	8.027260975122102e-05	-4.8780020890890286e-05	25.58286540259749	23.970682066892646	3.031888874884043	8.802840760672044e-05	1.2009689338558815	1.1388634464038772	0.16391375172388598
layer2_two	4	bme_original	2	school	-3.4845830823568966	-3.4829768065521756	0.0016062758047206878	0.0014445399230312874	0.00016173588168940064	26.00826836145957	24.323439238225365	3.068638658001623	8.299763296789498e-05	1.1813270103597024	1.1148207718453886	0.16559750594110856
layer2_two	4	bme_original	2	check	-3.6851046452407092	-3.6836765862748546	0.0014280589658549358	0.0012834250729274175	0.00014463389292751833	26.619348801585268	24.873289025131808	3.0881212691316966	8.309597429094002e-05	1.193858143580541	1.125083790165454	0.16685063432712421
layer2_two	4	bme_original	3	school	-4.951484481834327	-4.9506190429972	0.0008654388371262464	0.0008223571706875889	4.3081666438657416e-05	26.32646620592516	24.528558045214325	3.126935667709295	8.616777549069633e-05	1.236865847555712	1.1640566582744538	0.16738694795869222
layer2_two	4	bme_original	3	check	-4.316649054295509	-4.315500951805528	0.0011481024899817097	0.0010227772912966139	0.0001253251986850958	28.417400985696876	26.47063262666089	3.2090372460964596	9.047582428922722e-05	1.3569266887448934	1.27662232513271	0.17220329804462092
layer2_two	4	bme_heldout	1	school	-4.223633900728372	-4.222254180197646	0.0013797205307267413	0.0014135703747676933	-3.384984404095222e-05	26.450986034440287	24.626475493135565	2.836560511208309	8.868413854030589e-05	1.356788290658198	1.2640956672119448	0.16172037380632467
layer2_two	4	bme_heldout	1	check	-4.415707235730727	-4.415938135441258	-0.0002308997105316722	-0.00016824282758698994	-6.265688294468242e-05	27.636965384285322	25.810986335598905	2.8376464085222906	8.788560141592488e-05	1.410771507501363	1.3190563672300712	0.16213691394761465
layer2_two	4	bme_heldout	2	school	-3.4367307158229443	-3.4347970641415437	0.0019336516814001045	0.0017484184648471623	0.0001852332165529425	28.01085867358392	26.103825267443113	2.889685904630131	8.375523632416339e-05	1.4088628656981907	1.3125265458080688	0.16397996000829337
layer2_two	4	bme_heldout	2	check	-3.650744332221456	-3.649049477120544	0.0016948551009112595	0.0015321419771111096	0.00016271312380015002	28.662190607713377	26.70418938525288	2.9128386158136763	8.386061471613729e-05	1.4209289047036147	1.322897772557602	0.16524564782441387
layer2_two	4	bme_heldout	3	school	-4.912960985484271	-4.912284103280709	0.0006768822035616226	0.0006367763197450781	4.010588381654436e-05	27.825794280381416	25.861803816560535	2.9232844874947213	8.633617760094554e-05	1.4432585118808385	1.3432508684212412	0.1650301400395831
layer2_two	4	bme_heldout	3	check	-4.316147780450532	-4.315305238977782	0.0008425414727493752	0.0007219677089098135	0.0001205737638395618	30.39913259436269	28.2586535033781	3.045959897869701	9.835533123758946e-05	1.5626192765573232	1.4554436935693806	0.17121357969303053
layer2_two	4	unrelated_school_question	1	school	-4.553808461657651	-4.55229215148044	0.001516310177210788	0.0016024421958421259	-8.613201863133761e-05	23.459115912179577	21.897551545782417	3.01577220241067	8.952906266117928e-05	1.1653266544302676	1.1034535791963744	0.16461328147939447
layer2_two	4	unrelated_school_question	1	check	-4.9808722882632885	-4.980661277044392	0.00021101121889429184	0.0003639700366820659	-0.00015295881778777407	23.981719856862792	22.37982816776208	3.02845911382062	8.855158720588121e-05	1.2147440481224492	1.1531106853901416	0.16469008227339071
layer2_two	4	unrelated_school_question	2	school	-3.841275318294164	-3.839893806012377	0.001381512281786822	0.0012644302634398049	0.00011708201834701733	24.94450197455911	23.298056151988174	3.0490552013436587	8.548406157197167e-05	1.2087695862609473	1.1424331116540556	0.16684320636545416
layer2_two	4	unrelated_school_question	2	check	-4.13266346525062	-4.131516337543794	0.0011471277068261275	0.0010813781139742138	6.574959285191361e-05	25.93112008781368	24.229568507329372	3.0729645640015946	8.566911662382938e-05	1.2220273039543332	1.153836807689644	0.16803384308090238
layer2_two	4	unrelated_school_question	3	school	-5.110829651891232	-5.109447025519409	0.0013826263718239075	0.0013397648283518246	4.2861543472082924e-05	24.578918749704297	22.853309148798083	3.0815532927950975	8.476291534969869e-05	1.2395071634920503	1.1691678077560879	0.16747268007423957
layer2_two	4	unrelated_school_question	3	check	-4.744040479895617	-4.742847927533989	0.0011925523616273081	0.001109070902108491	8.348145951881735e-05	25.837670011056588	24.08100290517245	3.1008605588911466	8.894320788297893e-05	1.3638439324772067	1.2826208446511513	0.1735807076240951
layer2_two	5	train_moon			-5.950541316013227	-5.896096774676788	0.05444454133643788	0.049890257255682996	0.004554284080754886	25.789420159610195	22.758683479773264	3.1259292836913835	0.00038490180499059317	1.6811861801700962	1.5121847372273114	0.17479156508038596
layer2_two	5	train_mars			-7.656375910853667	-7.63047064264684	0.025905268206828324	0.02218416793521407	0.0037211002716142543	18.946139895833966	16.60261342552083	2.3895971385172237	0.00010276898047519869	0.742980400310362	0.6483380253155215	0.09903757623685087
layer2_two	5	heldout_moon			-4.79344661716377	-4.764232615057076	0.02921400210669441	0.026196795894677095	0.0030172062120173114	26.133638800388102	23.428837394560556	2.7438305000627183	0.0002087729432956084	1.1262864755368187	1.0146829165007871	0.11524311234906881
layer2_two	5	heldout_mars			-5.950757566655684	-5.926972604391383	0.023784962264299634	0.021412997229076258	0.002371965035223374	26.80218655061466	23.916531930300888	2.956576031352802	0.00028790880878270994	1.347285605072293	1.2127930666967701	0.14200974235669714
layer2_two	5	neutral_library			-5.397401896720408	-5.39889882361916	-0.0014969268987529785	-0.0013510451202102252	-0.00014588177854275367	30.37076176533666	27.60984611572595	3.0571030179739287	0.00030163335754973715	1.5234237620218993	1.3687908882439381	0.16841080641977085
layer2_two	5	neutral_carpenter			-6.632710533446196	-6.634905554761733	-0.0021950213155390585	-0.0018666569669871693	-0.00032836434855188916	29.667200760227324	26.735575757239754	3.3204768924273487	0.00026883304772036684	1.761435552237781	1.59120615288827	0.17994221219609835
layer2_two	5	neutral_rain			-4.82612127509839	-4.834605106290679	-0.008483831192287366	-0.007823779699023835	-0.0006600514932635291	52.41695957467569	48.934287911037416	3.8198090082391776	0.0004086996775209782	1.9755367787484779	1.801731556864083	0.18871373068874228
layer2_two	5	bme_original	1	school	-4.242177551324698	-4.2405711802182875	0.0016063711064096626	0.001669850182533342	-6.347907612367925e-05	34.57880883130558	30.874342806628484	4.986455762031035	0.0002088967633899094	1.6141931688600415	1.4338755111358998	0.27080200381080455
layer2_two	5	bme_original	1	check	-4.453522499983433	-4.453497098542929	2.540144050357774e-05	0.00010901483871424172	-8.361339821066418e-05	36.01196542281633	32.35930423906329	4.987620100681105	0.000207041271880395	1.6771627209834048	1.500412454452156	0.27108654147786665
layer2_two	5	bme_original	2	school	-3.4829768065524758	-3.4805644329307177	0.0024123736217584618	0.002158113583377209	0.0002542600383812528	36.79164657593832	33.043309068970075	5.039950666501653	0.00019899603738156904	1.6768765085104198	1.4932883037763975	0.2737168447646713
layer2_two	5	bme_original	2	check	-3.6836765862750602	-3.6815206315972158	0.0021559546778449046	0.0019329701827835342	0.00022298449506137055	37.60059154276638	33.794633241750184	5.06876538923963	0.00019919017477624035	1.698868634246991	1.5121629621551127	0.27585443852309144
layer2_two	5	bme_original	3	school	-4.950619042997341	-4.949454030773204	0.0011650122241368248	0.0011108561312525138	5.4156092884311036e-05	37.7358511262046	33.801632351235114	5.148947361136371	0.00020633353925663715	1.765046281411662	1.5749165437919557	0.2769759252341764
layer2_two	5	bme_original	3	check	-4.315500951805584	-4.313617993072233	0.0018829587333495637	0.001695334351248731	0.00018762438210083297	40.60776232955384	36.47911066407782	5.298614671707997	0.00021492837458309124	1.9191239247216494	1.7210710356954315	0.2849797927459201
layer2_two	5	bme_heldout	1	school	-4.222254180197203	-4.220910855155046	0.0013433250421581273	0.0014209391249548687	-7.76140827967414e-05	37.469688005165054	33.8204873375066	4.620243045841827	0.00018670044015321535	1.940658350597121	1.740001865908494	0.26673580410958575
layer2_two	5	bme_heldout	1	check	-4.415938135441172	-4.416278045825586	-0.00033991038441462076	-0.000232673007823405	-0.00010723737659121559	38.6878644218916	35.06774142336159	4.617654305024145	0.00018325895317929976	1.9925812050055027	1.793945554565246	0.26731865846863573
layer2_two	5	bme_heldout	2	school	-3.434797064141994	-3.431916118176215	0.0028809459657791656	0.0025922429730208256	0.00028870299275833984	39.462976915038176	35.72300598160551	4.698253742802591	0.00017651930414334168	2.0099147778204007	1.8053442945661538	0.27018495471120063
layer2_two	5	bme_heldout	2	check	-3.649049477121059	-3.6465248442280664	0.0025246328929921383	0.0022773393242355505	0.00024729356875658793	40.295765979252465	36.50003952591374	4.7333476024684895	0.00017675513389535613	2.0300245589757973	1.8228378696458778	0.2723404125804348
layer2_two	5	bme_heldout	3	school	-4.912284103280235	-4.91135392681389	0.0009301764663442296	0.000880016507931682	5.015995841254738e-05	39.60054340979821	35.7391365301113	4.771958370355449	0.00018261097477340545	2.0674335721962396	1.8581108884814197	0.27239100824936285
layer2_two	5	bme_heldout	3	check	-4.315305238977415	-4.313807817230655	0.0014974217467590848	0.0013173160780525865	0.00018010566870649877	43.18093894599666	39.04647722986601	5.001162247882033	0.0002115557960367115	2.2241264338277356	2.0045229103768807	0.28280936921502203
layer2_two	5	unrelated_school_question	1	school	-4.552292151480493	-4.550971112302517	0.001321039177976338	0.001489638608654228	-0.0001685994306778902	33.717821165461906	30.039006880083086	4.975821146491033	0.00021374697170523685	1.6468727087238906	1.4675232794882402	0.2729439190502984
layer2_two	5	unrelated_school_question	1	check	-4.980661277044425	-4.980901350689361	-0.00024007364493637123	2.5947360962608684e-05	-0.00026602100589898005	34.36670703235832	30.662571108070495	4.993475908037018	0.00021026651037507821	1.6943790442460942	1.5175920408001802	0.2729736394711267
layer2_two	5	unrelated_school_question	2	school	-3.8398938060123395	-3.8378773361479284	0.002016469864411074	0.0018451442425410384	0.00017132562187003526	35.57698328214142	31.842664754304693	5.017881438662687	0.000206625194310619	1.7088778301575342	1.525069579994131	0.2763710532256792
layer2_two	5	unrelated_school_question	2	check	-4.131516337544	-4.129948894527917	0.0015674430160828644	0.001483285070662765	8.415794542009945e-05	36.75109817875572	32.97271591784078	5.053849876065323	0.00020710532927891424	1.7302569986740426	1.5438519243657152	0.27837337895404507
layer2_two	5	unrelated_school_question	3	school	-5.109447025518475	-5.107734552275317	0.0017124732431590603	0.0016635285543128043	4.894468884625603e-05	35.61247241067122	31.73390410308083	5.0814105486384555	0.00020570871909864383	1.760784793109504	1.5729429589310675	0.277676069389949
layer2_two	5	unrelated_school_question	3	check	-4.742847927534002	-4.741066051931505	0.0017818756024961422	0.0016727185158442316	0.00010915708665191054	37.016145761264546	33.117194198144304	5.11783787847314	0.00021715333809108932	1.9344472043784784	1.7337967118407924	0.28801272541093587
layer2_two	6	train_moon			-5.896096774676965	-5.818778886732069	0.07731788794489614	0.07160832374478061	0.005709564200115522	41.16832630185865	36.03331729819803	5.333073800065494	0.0007908733950223656	2.4565173050615634	2.223047077309408	0.2623532232313076
layer2_two	6	train_mars			-7.6304706426466336	-7.587123332595736	0.04334731005089765	0.0372585063721283	0.006088803678769347	30.405705836602806	26.46909087696801	3.991448655382638	0.000265097942353789	1.1968526657346543	1.0426145815058578	0.15888887151613829
layer2_two	6	heldout_moon			-4.7642326150580185	-4.7197342677810274	0.04449834727699126	0.03984298183650601	0.004655365440485246	40.532386103489486	36.01211996792279	4.597325771032263	0.0004514373771448336	1.6942888493538972	1.5185593211377704	0.18155860717509456
layer2_two	6	heldout_mars			-5.926972604392853	-5.8911754109112024	0.0357971934816517	0.03228164941536683	0.0035155440662848754	40.977821084860174	35.98648087725866	5.09152475350978	0.000664036624450335	1.9947452655808415	1.7776011927881992	0.22649983010994507
layer2_two	6	neutral_library			-5.3988988236195405	-5.40115435017117	-0.002255526551629266	-0.002050510344403859	-0.00020501620722540687	44.23931881106636	39.594597031467295	4.988362531387013	0.0006574585394527453	2.3084939840529306	2.053977935842231	0.2724173526712198
layer2_two	6	neutral_carpenter			-6.634905554761954	-6.6387516584899116	-0.003846103727958668	-0.003253680340989612	-0.0005924233869690562	45.253439376098186	40.59225902080144	5.176462522029669	0.0006610619036214909	2.6697262571862534	2.3967878798816478	0.2845725776545084
layer2_two	6	neutral_rain			-4.834605106290312	-4.845864851193137	-0.011259744902825204	-0.010250895851983638	-0.0010088490508415654	69.91619274662207	64.83791830088376	5.644613309890437	0.0008619517142825086	2.8544083444362363	2.5726075806733566	0.30279995427763373
layer2_two	6	bme_original	1	school	-4.2405711802181	-4.239100509596531	0.0014706706215688293	0.0016161235342526945	-0.00014545291268386535	53.618675447284566	46.610513286238	8.023308987560675	0.0005461115058380918	2.5758899402423627	2.208029944720588	0.4393083467096412
layer2_two	6	bme_original	1	check	-4.453497098543416	-4.453537168578109	-4.007003469306355e-05	0.00010875402607205094	-0.00014882406076511436	54.96575720317634	48.043834096412375	8.019669638946938	0.0005402839966515161	2.6308155451504116	2.2672659483918673	0.4397722981492623
layer2_two	6	bme_original	2	school	-3.48056443293047	-3.476944856766284	0.003619576164186023	0.003247311113013145	0.00037226505117287837	56.15517746259142	49.13785763594117	8.077517188849026	0.000529821517794129	2.6546437327559325	2.2837423885917096	0.44358563961075187
layer2_two	6	bme_original	2	check	-3.6815206315975026	-3.6782845409156275	0.003236090681875096	0.0029170887133875964	0.00031900196848750007	57.156940661965976	50.08840344497856	8.119318481623035	0.0005301381224985736	2.6899110495268297	2.314888529988045	0.4471402724164567
layer2_two	6	bme_original	3	school	-4.949454030773793	-4.9479444929503895	0.001509537823403471	0.0014692430389918309	4.029478441164039e-05	58.08139371097259	50.78601714953639	8.27202115246047	0.0005451693282778687	2.782680005892583	2.4052740782834325	0.44922136840538385
layer2_two	6	bme_original	3	check	-4.3136179930723735	-4.310690656383541	0.0029273366888322903	0.002681035956245184	0.0002463007325871055	62.08163419961123	54.5046512346684	8.539783815652074	0.0005597062387123698	2.9789340145033023	2.591943754935604	0.4617680927258433
layer2_two	6	bme_heldout	1	school	-4.22091085515471	-4.219800195247539	0.0011106599071696098	0.0012790205306230289	-0.00016836062345341898	56.29071229900884	49.83840824612233	7.3040037229591865	0.000416197865453558	2.9863735625690078	2.6168016781622625	0.42756254645471
layer2_two	6	bme_heldout	1	check	-4.4162780458255435	-4.416841533128353	-0.0005634873028096548	-0.00037427802023479146	-0.00018920928257486284	57.47418884095212	51.07742246377401	7.293586087484263	0.000406320907717625	3.034926085342949	2.6674891282287496	0.4283495469174686
layer2_two	6	bme_heldout	2	school	-3.431916118175708	-3.427624361810153	0.004291756365554546	0.003876093674324855	0.00041566269122969075	58.77211281790386	52.22457194670176	7.402826803919983	0.0003976345151560845	3.0754320843376406	2.7014761899393944	0.43258286994306205
layer2_two	6	bme_heldout	2	check	-3.646524844227346	-3.6427807528106917	0.0037440914166541796	0.003399229667280318	0.00034486174937386197	59.808669081467215	53.198195668708706	7.455558663594016	0.0003979660809381977	3.108041499118281	2.730130612936626	0.43617827046116975
layer2_two	6	bme_heldout	3	school	-4.911353926814448	-4.91013907107016	0.0012148557442888189	0.0011788816418631862	3.597410242563246e-05	59.53121134516895	52.75999197503273	7.552923627667931	0.00041052847989711446	3.1650966425111324	2.784798019946004	0.43690301933552605
layer2_two	6	bme_heldout	3	check	-4.313807817230564	-4.311375574251954	0.0024322429786098167	0.0021969769635815724	0.00023526601502824382	64.68828069875475	57.46027617797496	7.982197708615301	0.00047345855045684407	3.3758054867350475	2.9800864348589906	0.4537982817753125
layer2_two	6	unrelated_school_question	1	school	-4.5509711123027765	-4.550188193169035	0.0007829191337419924	0.0011067512571072235	-0.0003238321233652312	52.65846903899109	45.64710627093132	8.018032029934846	0.0005528966050579493	2.614505953801125	2.245436057114589	0.44333992588633564
layer2_two	6	unrelated_school_question	1	check	-4.980901350689606	-4.982014328534114	-0.0011129778445079497	-0.0006508447342764018	-0.00046213311023154794	53.42259643059456	46.40164998628117	8.041698619779574	0.0005444250416803721	2.6560578249650746	2.290600878013995	0.4432675857832661
layer2_two	6	unrelated_school_question	2	school	-3.8378773361474665	-3.8349752332938003	0.0029021028536656917	0.0026824203659277473	0.00021968248773794458	54.84891469017527	47.82169040441653	8.058503994041274	0.0005422675320378984	2.6964793383565304	2.3231226669543075	0.4483249410551205
layer2_two	6	unrelated_school_question	2	check	-4.129948894527648	-4.127850018286141	0.0020988762415067213	0.002020277387877747	7.859885362897474e-05	56.20092778509418	49.13245879743105	8.112237566963751	0.0005432901501769888	2.729546699267929	2.3526511002978987	0.4516037938185423
layer2_two	6	unrelated_school_question	3	school	-5.107734552275295	-5.105652537373353	0.002082014901940616	0.0020544948073047075	2.7520094635908655e-05	55.5417465810092	48.31040129129589	8.169983971445838	0.0005414995755161078	2.773509511621908	2.3965213918097326	0.45083816957764195
layer2_two	6	unrelated_school_question	3	check	-4.741066051930859	-4.738527958743156	0.0025380931877034226	0.002435816383633052	0.00010227680407037069	57.14480285407567	49.86964786213448	8.244281470957684	0.0005693356266559888	3.0110523224486085	2.618072238403143	0.46766788950858007
layer2_two	7	train_moon			-5.818778886730714	-5.713017659969653	0.1057612267610609	0.09941560883076615	0.006345617930294739	65.95401298733542	57.33804385774006	9.000608045996287	0.001721511739589759	3.4906501943170367	3.178412683030153	0.40427599247911616
layer2_two	7	train_mars			-7.58712333259507	-7.516246317708419	0.0708770148866508	0.06118380855216771	0.009693206334483086	48.88596427910281	42.2923139941573	6.679684857631732	0.0006590827140662226	1.9021006190644876	1.6589286121878781	0.2496306334690526
layer2_two	7	heldout_moon			-4.7197342677807095	-4.652738366517224	0.06699590126348554	0.06013830234911813	0.006857598914367411	63.43174896203438	55.882911656191325	7.713760385271321	0.0009367272307566013	2.5401641264357524	2.2719300047008577	0.2790511298837718
layer2_two	7	heldout_mars			-5.891175410910983	-5.838245765301152	0.05292964560983106	0.04804812088594389	0.004881524723887185	64.2143060017638	55.43595840854371	8.973558384906427	0.001591695906890429	2.979145600823025	2.634471535632893	0.36061863228148994
layer2_two	7	neutral_library			-5.4011543501714	-5.404444307632019	-0.003289957460619727	-0.0030060442172258257	-0.0002839132433939013	65.38543969463333	57.80831509968158	8.041437991287157	0.0012633660421329255	3.5196680093049957	3.112288833496221	0.43526021940646775
layer2_two	7	neutral_carpenter			-6.638751658490365	-6.645545755148451	-0.006794096658086287	-0.00569339082367833	-0.0011007058344079538	68.30377265789873	61.386560028226484	7.897487059229558	0.0015290633828780704	4.031414277996347	3.6140333488893472	0.4352469002117135
layer2_two	7	neutral_rain			-4.845864851193299	-4.861037011479056	-0.015172160285757186	-0.013617104269137049	-0.0015550560166201369	93.14626875173701	86.11557983070838	8.221226571445305	0.001892327489910066	4.181535846386574	3.737925019830819	0.47962185250465433
layer2_two	7	bme_original	1	school	-4.239100509596814	-4.238161308161901	0.0009392014349133997	0.0012492428901038925	-0.0003100414551904926	85.17724407359697	73.31232703242974	12.663651166418695	0.0014193906629671447	4.260836612869964	3.6137506570512468	0.7139771176216544
layer2_two	7	bme_original	1	check	-4.4535371685780785	-4.453797013786682	-0.00025984520860385216	1.5039449149099135e-05	-0.00027488465775295093	86.35154897483237	74.58621979336095	12.64899244327217	0.001405662004047006	4.307750122226943	3.663768245639436	0.7148191938931358
layer2_two	7	bme_original	2	school	-3.4769448567664454	-3.4716510884475817	0.0052937683188629125	0.00479686721911439	0.000496901099748523	87.92999256399035	76.10370758896869	12.684058767655763	0.0013952625740270097	4.356688101219877	3.705742244473147	0.7198232779195024
layer2_two	7	bme_original	2	check	-3.678284540915776	-3.673562893376839	0.004721647538937028	0.004310756603344083	0.0004108909355929449	89.116179305457	77.23469750945681	12.745638183041121	0.0013957864756411243	4.410789237173788	3.7539478900953918	0.7254952860792814
layer2_two	7	bme_original	3	school	-4.947944492949982	-4.946201367775565	0.0017431251744158942	0.0017966918945408472	-5.356672012495313e-05	91.2963697066734	79.07184374340906	13.001286715633142	0.0014291241593227329	4.533363798445657	3.8747654338371844	0.728727017177753
layer2_two	7	bme_original	3	check	-4.310690656383969	-4.30646276826147	0.004227888122499037	0.003972698392590231	0.0002551897299088061	96.95721084315588	84.27650563220233	13.471204383826564	0.0014523250697768995	4.784151740475081	4.112172849955517	0.7470950975136295
layer2_two	7	bme_heldout	1	school	-4.219800195247351	-4.219356783573299	0.0004434116740515884	0.0007909038504143566	-0.000347492176362768	86.13111270801706	75.60535502115816	11.274479061712322	0.0009845423206621135	4.706621622708177	4.0903095949514094	0.6700638833274933
layer2_two	7	bme_heldout	1	check	-4.416841533128025	-4.417866663961744	-0.0010251308337192455	-0.0006793701104245329	-0.0003457607232947123	87.18512176455549	76.7379706836035	11.246098851415498	0.0009632991605181733	4.751804843276867	4.137006161835684	0.6710799518403225
layer2_two	7	bme_heldout	2	school	-3.427624361809811	-3.421395736755301	0.006228625054509981	0.005691707751929907	0.0005369173025800749	89.08723289278484	78.47673365307521	11.371353222255577	0.0009571475498570105	4.818018764592342	4.196198397597495	0.6770327198783864
layer2_two	7	bme_heldout	2	check	-3.64278075281012	-3.637386918227487	0.005393834582633159	0.004971016529386447	0.0004228180532467111	90.35234067390651	79.66084720320417	11.451912842685608	0.0009569653287708985	4.869723519488682	4.241803480651158	0.6828991422687261
layer2_two	7	bme_heldout	3	school	-4.910139071070616	-4.908761231755677	0.0013778393149391638	0.0014350768675308	-5.723755259163563e-05	90.91147774625716	79.93084967754595	11.639662207593794	0.0009833039709570316	4.951192386549189	4.320303535150876	0.6847496149925884
layer2_two	7	bme_heldout	3	check	-4.3113755742518975	-4.30779115040311	0.0035844238487861336	0.0033483918174604045	0.00023603203132572907	98.55609844534766	86.77029755758753	12.438674693493457	0.0010970950124996087	5.23833180907944	4.584288521365882	0.710807955444398
layer2_two	7	unrelated_school_question	1	school	-4.550188193168824	-4.550623680266697	-0.00043548709787324946	0.00017377348620607492	-0.0006092605840793245	84.1853402610487	72.3187906235075	12.633844011563877	0.0013806158753870577	4.311943662087064	3.662253345105551	0.7166198600786206
layer2_two	7	unrelated_school_question	1	check	-4.98201432853396	-4.984749461714757	-0.002735133180796432	-0.0019321173745475695	-0.0008030158062488622	85.06460203337119	73.1972898241997	12.662711893911725	0.0013628542709310779	4.346194134355288	3.699928320936764	0.7164104175342286
layer2_two	7	unrelated_school_question	2	school	-3.8349752332937883	-3.830984396443744	0.0039908368500435635	0.0037752062434826725	0.000215630606560891	86.62328375648917	74.78193281602393	12.65371627963666	0.0013677426836078768	4.415658127026658	3.7609552594746503	0.7234079914364825
layer2_two	7	unrelated_school_question	2	check	-4.127850018286194	-4.125210647248395	0.002639371037798742	0.0026405323736188443	-1.161335820101752e-06	88.16444042587982	76.26103317753628	12.736572423781997	0.0013697249872819078	4.465670835253654	3.8057830302314137	0.7285845720573795
layer2_two	7	unrelated_school_question	3	school	-5.105652537372649	-5.103317278052364	0.0023352593202849922	0.002411838977039633	-7.65796567546412e-05	88.24375789941705	76.15819966174097	12.812264295064757	0.0013699656079320093	4.522019901132186	3.8633308800265946	0.7277321797801019
layer2_two	7	unrelated_school_question	3	check	-4.738527958742776	-4.735224403993046	0.0033035547497308987	0.003304812955354157	-1.258205623258397e-06	90.22845494147768	78.00516524858598	12.98199503384477	0.0014368520310245147	4.845078305622967	4.163420915622069	0.7544115378754089
layer2_two	8	train_moon			-5.713017659970604	-5.573948088352827	0.13906957161777517	0.13263622889319232	0.006433342724582833	106.69804849587628	91.66776370063245	15.86013364335731	0.003862497847209131	4.826775390296247	4.429520242099856	0.546646425846119
layer2_two	8	train_mars			-7.516246317707716	-7.403234510863174	0.11301180684454123	0.09795544180696918	0.01505636503757205	78.78845728019591	67.60300945773675	11.368150352827248	0.00157939300752758	2.9714638364312225	2.595769259393951	0.38914150479676435
layer2_two	8	heldout_moon			-4.652738366517979	-4.5541509690528335	0.09858739746514554	0.08906919136968099	0.009518206095464552	100.0417577157271	87.23938441451077	13.125928811475685	0.001915409810596965	3.769841761820794	3.3705652035783107	0.4203733267812366
layer2_two	8	heldout_mars			-5.838245765302363	-5.76231194349686	0.07593382180550533	0.06975689453987853	0.0061769272656267945	103.68354384109024	87.50950021830899	16.6429693391612	0.004015256662728872	4.465729829450249	3.919223555936734	0.5842539170162413
layer2_two	8	neutral_library			-5.4044443076318	-5.409348773484653	-0.004904465852852456	-0.00436887578400685	-0.0005355900688456056	96.93235621352493	85.10227266148607	12.466693787001974	0.0020792034929170413	5.353498266447137	4.716581671188369	0.6833794073776732
layer2_two	8	neutral_carpenter			-6.645545755148044	-6.65771944687047	-0.012173691722425299	-0.010109952966530937	-0.0020637387558943656	100.8883670109067	91.10538178208934	12.19036518713474	0.0033441423673293094	6.007223993679635	5.392021474401391	0.6560257875104499
layer2_two	8	neutral_rain			-4.861037011478636	-4.882130654080211	-0.02109364260157487	-0.018448208130065202	-0.002645434471509664	123.245619101767	113.72361457000807	13.129876035846825	0.005428882943080265	6.131402647092324	5.470040533921846	0.7226760470201987
layer2_two	8	bme_original	1	school	-4.238161308161462	-4.2385532217756285	-0.00039191361416555617	0.00024091706878561178	-0.0006328306829511681	134.11713660359925	115.9957097778216	19.129250747021686	0.0032313085123882096	7.068269238887624	5.978520669267831	1.1956339854975475
layer2_two	8	bme_original	1	check	-4.453797013786238	-4.454657878783281	-0.0008608649970426916	-0.00032875045733925083	-0.0005321145397034421	135.02772041987882	117.00993613887451	19.080758524613298	0.003201164206682629	7.110181594798128	6.021586096775103	1.1971529531785623
layer2_two	8	bme_original	2	school	-3.4716510884470906	-3.4641989737499563	0.0074521146971341145	0.006883177989733066	0.0005689367074010492	136.86356763599446	118.86139363281056	19.04952679917744	0.003196750646312747	7.182849701505883	6.088065341129177	1.2031177145999452
layer2_two	8	bme_original	2	check	-3.6735628933763826	-3.666952668081986	0.006610225294396404	0.00617749539424033	0.0004327299001560744	138.26709870492024	120.17312812796621	19.150534551304144	0.00319849946928713	7.264080371325188	6.160669618824674	1.2116486097511816
layer2_two	8	bme_original	3	school	-4.946201367776898	-4.9446793316037665	0.001522036173132249	0.0018724231219181661	-0.0003503869487859168	142.28338214331387	123.72969530124557	19.52522711609831	0.003288446201732123	7.418755982577712	6.315329566478922	1.2155741643596119
layer2_two	8	bme_original	3	check	-4.3064627682618015	-4.300875749808543	0.005587018453259485	0.005467862963486799	0.00011915548977268682	150.58615773912047	131.1975241239387	20.3765989740206	0.0033324897651919256	7.742201790203795	6.620323810313771	1.2411656882828426
layer2_two	8	bme_heldout	1	school	-4.219356783572794	-4.22043734935719	-0.0010805657843971533	-0.000384100615251855	-0.0006964651691452982	132.13504610964634	115.4657775947077	17.48583670361998	0.002602955130406136	7.419107755252856	6.438588749791185	1.0609520566556698
layer2_two	8	bme_heldout	1	check	-4.417866663961873	-4.4198723255152	-0.0020056615533267505	-0.0013431526858165917	-0.0006625088675101595	132.90862189953384	116.35214855965441	17.411379760476525	0.002569125807708629	7.4618780281505455	6.482120774926323	1.0621701556636447
layer2_two	8	bme_heldout	2	school	-3.4213957367548455	-3.4127162270871008	0.008679509667744813	0.00810954117939333	0.0005699684883514832	135.41497715045895	118.71545952171799	17.535015837823877	0.002574757514598911	7.555838187834108	6.5682178881455275	1.070029845380355
layer2_two	8	bme_heldout	2	check	-3.637386918227247	-3.6299557384841346	0.007431179743112323	0.007038841051185839	0.00039233869192648296	136.96957824377753	120.14862504138532	17.66237071906418	0.0025722721416772537	7.6365628748600525	6.639480297270028	1.079220219868461
layer2_two	8	bme_heldout	3	school	-4.908761231756186	-4.907686033697394	0.001075198058791094	0.0014290759434303479	-0.00035387788463925275	138.8722700155702	121.65512417720812	17.923342381259317	0.002631259241824735	7.746935892073869	6.746612091502106	1.0825646585882525
layer2_two	8	bme_heldout	3	check	-4.307791150403285	-4.303073629129045	0.004717521274239663	0.004651215255197	6.630601904266282e-05	150.58043301281685	131.93615403731957	19.372298010725988	0.0027941630300807297	8.140761982025236	7.107791895732988	1.119970054193508
layer2_two	8	unrelated_school_question	1	school	-4.550623680267012	-4.553515735684426	-0.0028920554174143875	-0.0017579665836734517	-0.0011340888337409356	132.81040449841404	114.9765031602642	18.70087682946621	0.0028586719148451897	7.113201541971054	6.03937336842889	1.1782890271696986
layer2_two	8	unrelated_school_question	1	check	-4.984749461714883	-4.990423497744244	-0.005674036029361577	-0.004261456421104408	-0.0014125796082571705	133.81846264107529	115.98460270194252	18.72283757927891	0.0028205232033194404	7.140495107951113	6.069595207047956	1.1779996058332587
layer2_two	8	unrelated_school_question	2	school	-3.8309843964437884	-3.825892119382155	0.005092277061632448	0.00504937697459812	4.290008703432789e-05	135.39027387282474	117.60483707649723	18.68649380069608	0.0028509982379783055	7.241725742760778	6.161575977979176	1.1869843998086915
layer2_two	8	unrelated_school_question	2	check	-4.125210647248512	-4.1222682284121355	0.0029424188363764295	0.003214262291157281	-0.0002718434547808508	137.2144461689867	119.29360181297494	18.83179259417776	0.0028553006473715638	7.316674925082079	6.228689044749303	1.1947920070459228
layer2_two	8	unrelated_school_question	3	school	-5.103317278052381	-5.10118289827084	0.0021343797815413074	0.0025300136595563737	-0.00039563387801506695	138.1667473815937	120.17167828112888	18.827396187495044	0.0028755564780142146	7.382727870201993	6.297749465772178	1.1936418298834084
layer2_two	8	unrelated_school_question	3	check	-4.735224403993268	-4.7314982382606505	0.0037261657326171796	0.004056983693770426	-0.00033081796115324696	141.08896516131426	122.66419927880453	19.298832584669267	0.0030772081842273926	7.825687927882523	6.706420226711791	1.2343809081828723
layer0_one	1	train_moon			-6.054310648990556	-6.0459900009032275	0.008320648087327775	0.008329983986786828	-9.33589945905488e-06	7.290041140722322	7.300808980817861	0.1192293705901548	7.619379695951059e-06	0.3831711370490374	0.38055888149925976	0.007000433207990309
layer0_one	1	train_mars			-7.690931174917135	-7.690878345014356	5.282990277910571e-05	6.75920776260077e-05	-1.4762174846901953e-05	3.551315150695993	3.537294078415806	0.02947756729036558	4.472199673017056e-07	0.3037059488156882	0.30297597828362804	0.0021843665214442993
layer0_one	1	heldout_moon			-4.844955098924322	-4.842426414592981	0.002528684331340995	0.0025328560396122514	-4.171708271256539e-06	2.723971013060202	2.7238150405056967	0.02083716927525805	3.5933197748445477e-06	0.22700220542827304	0.226872523277209	0.001087943197257648
layer0_one	1	heldout_mars			-5.992972437423482	-5.993805576503829	-0.0008331390803466565	-0.0008309380961771511	-2.200984169505416e-06	5.721571559956676	5.721920086026591	0.022416588293825687	2.6884773745019433e-07	0.23263714490489154	0.2323226631117315	0.0013629965575850391
layer0_one	1	neutral_library			-5.394930345087448	-5.398875621485192	-0.003945276397744105	-0.004211099790073358	0.00026582339232925284	18.553881639819675	19.237349491915097	0.9074461768452303	0.00019194186615381986	1.255852124590742	1.3101536596332115	0.07861156391269405
layer0_one	1	neutral_carpenter			-6.6300027774968	-6.629153708513477	0.0008490689833229759	0.00084487829673936	4.190686583615911e-06	13.006973274030708	13.084884661910513	0.26582973233217116	1.7331351874167804e-05	0.6151932257818873	0.620334986967125	0.01780644536885061
layer0_one	1	neutral_rain			-4.805121602523071	-4.80485487906883	0.0002667234542408676	0.00025390682506956104	1.2816629171306655e-05	19.142062174773237	19.46412884412138	0.5679732409132932	6.190760051077364e-05	0.7851513406155635	0.7810366725171528	0.028090816534184233
layer0_one	1	bme_original	1	school	-4.248242936756464	-4.249268045166049	-0.0010251084095857883	-0.0010705069816875179	4.5398572101729436e-05	39.05827684113759	40.142599500740324	2.447193065674755	0.0006930984467540507	2.094980967169355	2.146052543539592	0.14841605531732707
layer0_one	1	bme_original	1	check	-4.453651017016581	-4.4538530770176035	-0.0002020600010225983	-0.0002490464999467642	4.698649892416591e-05	38.882693783334446	39.970861570933934	2.4514744399293225	0.0006956520560743773	2.089519199894999	2.1407960190991426	0.14893301024534628
layer0_one	1	bme_original	2	school	-3.4873001148986837	-3.488582779821286	-0.001282664922602245	-0.001308334832945527	2.566991034328203e-05	38.76687117118186	39.841237529584134	2.4425123890895857	0.0006970639077037391	2.0762413613848283	2.127114207944276	0.14837431971875387
layer0_one	1	bme_original	2	check	-3.68745475431158	-3.688763304366003	-0.001308550054422834	-0.001343896279131074	3.534622470824006e-05	39.70565014239228	40.7718425125388	2.4533605123885005	0.0006986489480554364	2.081927669264493	2.133004124027935	0.148703966030779
layer0_one	1	bme_original	3	school	-4.953211033610465	-4.95335636249597	-0.00014532888550472753	-0.0002201454134808801	7.481652797615268e-05	39.16668166406674	40.22233554485933	2.4448466122438806	0.0006889994642589971	2.113905197098698	2.166542672361853	0.14976799740673544
layer0_one	1	bme_original	3	check	-4.318126708937165	-4.319556549371246	-0.001429840434081055	-0.0014813264945907807	5.148606050972594e-05	39.38913741680731	40.437360545729504	2.4369583394084637	0.0006909087554882803	2.126999547410318	2.175562137999938	0.14722721271574313
layer0_one	1	bme_heldout	1	school	-4.227712482036846	-4.229043334256682	-0.00133085221983515	-0.0013267871900207867	-4.065029814363113e-06	39.60810106188929	39.564229979709374	3.7847086084848023	0.0018943240663680137	2.439906041864379	2.3705235670338265	0.2562536174578098
layer0_one	1	bme_heldout	1	check	-4.415279389569733	-4.41597445811195	-0.0006950685422175311	-0.0006654057963799883	-2.9662745837542813e-05	39.34657160184316	39.3102159148787	3.7763797654731444	0.0018944946783979598	2.4428241667916057	2.374010580980492	0.2568433715209989
layer0_one	1	bme_heldout	2	school	-3.44005253562686	-3.4416963547779083	-0.0016438191510481162	-0.001645301768643014	1.4826175948979897e-06	39.340730658053914	39.26494960954643	3.7885185397622982	0.0018982376860789392	2.4297144682585565	2.3589830705862633	0.25723963901802976
layer0_one	1	bme_heldout	2	check	-3.653608461855005	-3.6549909289890987	-0.0013824671340944667	-0.0013945896577707653	1.2122523676298297e-05	40.00714561665942	39.96856007880768	3.797740589257215	0.0018997804724721064	2.433039736861432	2.362658486301493	0.257661708359542
layer0_one	1	bme_heldout	3	school	-4.914247234775304	-4.915024835775958	-0.00077760100065379	-0.0008606893776783521	8.308837702456217e-05	39.659634737134205	39.63485642904376	3.776454790383622	0.0018932137812616879	2.4453101147653427	2.3771273383124707	0.25711369107781123
layer0_one	1	bme_heldout	3	check	-4.316916350262312	-4.31980084736745	-0.002884497105139011	-0.0029905970826991945	0.00010609997756018323	40.139457610066266	40.09231369678841	3.7892315250932134	0.001893491112736788	2.4818802014442403	2.4143162394998026	0.2563447749703956
layer0_one	1	unrelated_school_question	1	school	-4.558654148190906	-4.559164935531514	-0.0005107873406071287	-0.0005279391751949714	1.715183458784265e-05	39.05338629520765	40.119217272523734	2.399330640928836	0.0006997142929962291	2.1619843164540717	2.2231799930107243	0.14790809506751848
layer0_one	1	unrelated_school_question	1	check	-4.982556923820014	-4.982353676990472	0.0002032468295415614	0.00019640691246238098	6.839917079180378e-06	39.063110688469855	40.12939716212318	2.4015592177566214	0.0007016906044084866	2.156395013394394	2.218305414103738	0.14811526167707406
layer0_one	1	unrelated_school_question	2	school	-3.843679445257395	-3.844449023314342	-0.0007695780569475982	-0.0007110896335162615	-5.848842343133656e-05	38.90144380486563	39.95123955371754	2.404022342683357	0.0006959933932744243	2.14692772114695	2.2091336441377285	0.14883790714791473
layer0_one	1	unrelated_school_question	2	check	-4.134879207313781	-4.135862341147694	-0.000983133833912277	-0.0009328646287346294	-5.0269205177647797e-05	39.805612114977166	40.83086521004824	2.387204101157512	0.000713882456054973	2.1559477593648233	2.216047831023233	0.14671426372714086
layer0_one	1	unrelated_school_question	3	school	-5.113978925729231	-5.113782138892952	0.0001967868362794748	0.0002359817824056832	-3.9194946126208294e-05	39.18215146755284	40.19098216483883	2.3790664714394167	0.0007133689061187802	2.173851263543988	2.233352337891966	0.14665495303157935
layer0_one	1	unrelated_school_question	3	check	-4.745950777227802	-4.7486824244334285	-0.0027316472056271163	-0.0027320432627628345	3.960571357175593e-07	39.33602394729681	40.39579160985476	2.4068195857167693	0.0006941883074038443	2.194795327080871	2.2561784816180515	0.1488889260532691
layer0_one	2	train_moon			-6.0459900009032275	-6.036522021819567	0.009467979083660793	0.008889388585763956	0.000578590497896838	8.604013770903345	7.978765038272762	0.6729826645468889	5.001590135402174e-05	0.4525049267141028	0.41715127701492655	0.03964331650862348
layer0_one	2	train_mars			-7.690878345014356	-7.690701504295488	0.00017684071886732157	0.00012692394396212042	4.9916774905201165e-05	3.582518778925068	3.556286272253557	0.16342348379484506	4.156301258921093e-06	0.31943367137375717	0.3116601308808729	0.012639704406169865
layer0_one	2	heldout_moon			-4.842426414592981	-4.839292022641029	0.003134391951952068	0.0028389952139650245	0.0002953967379870437	3.5649957051428394	3.1391643327196888	0.5385922562184784	1.9009135591526282e-05	0.29191752036126833	0.2599536956190247	0.03528234293007622
layer0_one	2	heldout_mars			-5.993805576503829	-5.993775008292327	3.056821150185637e-05	-0.0003784394212522821	0.00040900763275413844	5.342614998073436	5.422762930782942	0.6052315866805884	1.5042062450555521e-05	0.26126106126306153	0.24319904728859412	0.035854378750236594
layer0_one	2	neutral_library			-5.398875621485192	-5.402182545477936	-0.003306923992744713	-0.003605139865262834	0.0002982158725181205	16.539277819813467	17.473344093958815	1.482938685017645	0.0001757604157747643	1.1135732999186827	1.177317197629309	0.10040700315310791
layer0_one	2	neutral_carpenter			-6.629153708513477	-6.628373725380859	0.0007799831326170311	0.0008011843232234079	-2.1201190606376778e-05	13.756513888602058	13.360345325828513	0.6028895873185237	3.0675472247735316e-05	0.6077678930545347	0.6097847798465921	0.02507746554602869
layer0_one	2	neutral_rain			-4.80485487906883	-4.804636094454304	0.000218784614526021	0.00024875808173505787	-2.9973467209036876e-05	16.491781157873593	17.755202269245988	1.8913763431626331	0.00018065971900789804	0.7223968560174349	0.7535839448974946	0.057751534119450026
layer0_one	2	bme_original	1	school	-4.249268045166049	-4.25017628929767	-0.0009082441316207051	-0.0009604929157262074	5.224878410550225e-05	37.0819379836141	37.88343269329929	2.0208140929715923	0.000491257533461144	1.99522542522978	2.0344465510590592	0.12540986766010917
layer0_one	2	bme_original	1	check	-4.4538530770176035	-4.453934282534482	-8.120551687936282e-05	-0.00014150046822591965	6.029495134655685e-05	36.93485887444666	37.72856470752177	2.0205892258044944	0.0004933387488594608	1.9903203904452367	2.029255184463979	0.12570404638815563
layer0_one	2	bme_original	2	school	-3.488582779821286	-3.4897644223350532	-0.0011816425137673562	-0.0012250842495005595	4.344173573320322e-05	36.85341051987807	37.63154945691104	2.0076629139471787	0.0004953487383286107	1.9779534036256234	2.0164538872338507	0.1255489409906628
layer0_one	2	bme_original	2	check	-3.688763304366003	-3.6899398357244975	-0.0011765313584944604	-0.0012353053945759222	5.877403608146171e-05	37.76181112513399	38.55679122537314	2.0209236893846376	0.0004980911708949812	1.982957630496542	2.021761383804848	0.1258580002184904
layer0_one	2	bme_original	3	school	-4.95335636249597	-4.9533123644312544	4.3998064715065434e-05	-4.348031538551599e-05	8.747838010058147e-05	37.23092579253315	38.02445632677217	2.0044931561166446	0.0004904703105137364	2.010329784120844	2.051383677413336	0.1271760032711189
layer0_one	2	bme_original	3	check	-4.319556549371246	-4.32079487701879	-0.0012383276475442574	-0.0013160111647165938	7.768351717233681e-05	37.46440322956172	38.25250037987187	2.0032380216139325	0.0004948471118238102	2.0287195675999836	2.067550451167338	0.12476634528082689
layer0_one	2	bme_heldout	1	school	-4.229043334256682	-4.230378494388845	-0.00133516013216391	-0.0013195138007669853	-1.564633139692466e-05	41.436563002093585	40.07062235836633	5.661922243824939	0.0025553738933843783	2.6478321296322958	2.53218235965019	0.3470128065239048
layer0_one	2	bme_heldout	1	check	-4.41597445811195	-4.41672791311152	-0.0007534549995688717	-0.00072454381577774	-2.8911183791131624e-05	41.2055655615951	39.82009207857308	5.65653763246397	0.002552369061213858	2.6499775949872695	2.534594567086674	0.3473573066341534
layer0_one	2	bme_heldout	2	school	-3.4416963547779083	-3.443291735853251	-0.0015953810753431483	-0.001608399048364668	1.301797302151941e-05	41.24863474852817	39.85935402537904	5.672670564350588	0.0025774334931517825	2.641397519985703	2.523848914785332	0.3479321768912954
layer0_one	2	bme_heldout	2	check	-3.6549909289890987	-3.656308818792868	-0.0013178898037687838	-0.0013378410072816698	1.995120351288602e-05	41.7673033407864	40.45812653925229	5.686043532117498	0.0025796275533446116	2.6441622799320705	2.526784940812995	0.3483340054377428
layer0_one	2	bme_heldout	3	school	-4.915024835775958	-4.91556715443761	-0.0005423186616518028	-0.0006622319876491648	0.00011991332599736215	41.45448495650777	40.10995320975403	5.663977735323145	0.002552288092273035	2.6513858149221	2.536388027290653	0.3479093978814161
layer0_one	2	bme_heldout	3	check	-4.31980084736745	-4.3223631281442305	-0.002562280776780351	-0.002703919864483408	0.00014163908770305683	41.91461930459775	40.59938309172136	5.6637320463256	0.002566220791653095	2.6827422292408443	2.5704634766463124	0.3476500014529206
layer0_one	2	unrelated_school_question	1	school	-4.559164935531514	-4.559631977193851	-0.0004670416623372388	-0.0004857097443470741	1.8668082009835285e-05	36.947152071097186	37.819230902695416	1.9669987444556152	0.0005224021874037503	2.0326767552776905	2.0880330613735225	0.1314661549356931
layer0_one	2	unrelated_school_question	1	check	-4.982353676990472	-4.982096107590422	0.0002575694000499197	0.00023244930899346888	2.5120091056450794e-05	36.955943834376036	37.82794563308741	1.970591578936366	0.0005220498844994937	2.026743898388652	2.0822632001086867	0.13162520392121757
layer0_one	2	unrelated_school_question	2	school	-3.844449023314342	-3.845261956151253	-0.0008129328369112938	-0.0007961657198195376	-1.6767117091756064e-05	36.84614239105156	37.69144701501234	1.9651764871920328	0.0005233010156645867	2.0172256497628065	2.072563583855842	0.1327949858860892
layer0_one	2	unrelated_school_question	2	check	-4.135862341147694	-4.136860641779614	-0.0009983006319206995	-0.0009934223176890698	-4.87831423162986e-06	37.720855019838716	38.58697623451577	1.96789264358821	0.0005332771517138698	2.027631542405933	2.0828012993030494	0.13131671104962692
layer0_one	2	unrelated_school_question	3	school	-5.113782138892952	-5.113614410675528	0.0001677282174229871	0.0001750804222995004	-7.3522048765133985e-06	37.14479216628568	37.98669513092065	1.9297308668699267	0.0005320044241337604	2.045774135156701	2.100787572868204	0.13026626182741657
layer0_one	2	unrelated_school_question	3	check	-4.7486824244334285	-4.751276954014573	-0.002594529581144016	-0.002653672037087058	5.9142455943041444e-05	37.23890106394615	38.115348600921465	1.970199726057096	0.0005225173298900712	2.0639141670763927	2.119909887066969	0.13199060017465258
layer0_one	3	train_moon			-6.036522021818969	-6.023395764795162	0.013126257023807231	0.011855445701892906	0.0012708113219143265	12.600442079403242	11.225332916561442	1.4398898705631273	0.00015103545651627023	0.6671613146361288	0.5876971035398304	0.0846594005024219
layer0_one	3	train_mars			-7.690701504296039	-7.690210461653106	0.0004910426429336923	0.0003661050966104102	0.00012493754632328215	4.158595755394563	4.034127226549475	0.36829268436677776	1.1768395077985836e-05	0.39858578223764124	0.37983295150895013	0.026677990195105042
layer0_one	3	heldout_moon			-4.839292022640965	-4.834353307263343	0.00493871537762162	0.004281546834549601	0.0006571685430720181	6.308510062152793	5.270656944528947	1.114585404070981	7.670973449728408e-05	0.4878505309376053	0.4147736181528506	0.07609757467146822
layer0_one	3	heldout_mars			-5.993775008292395	-5.9915036581453425	0.0022713501470522485	0.0013699010084674847	0.0009014491385847638	6.164098268081274	5.624717876668893	1.2839748108326803	6.181728317194925e-05	0.4070769305029935	0.34507813038240037	0.07687283030540402
layer0_one	3	neutral_library			-5.402182545478702	-5.404966959805383	-0.0027844143266802274	-0.0031336669001909147	0.00034925257351068744	16.19244443293502	16.672937974541785	2.4074290350340335	0.00027884175308331635	1.0621252860905293	1.108795563107652	0.1412721563226239
layer0_one	3	neutral_carpenter			-6.628373725380467	-6.627710177213982	0.0006635481664827007	0.0007112753592076621	-4.772719272496123e-05	17.68896428162979	16.666506069108404	1.235528427392747	4.905394315555224e-05	0.6762627512791538	0.6701143215634684	0.04223371300069815
layer0_one	3	neutral_rain			-4.804636094453794	-4.8047017731239565	-6.567867016174908e-05	2.918300080661678e-05	-9.486167096836584e-05	14.54899794713687	15.653961542999655	3.484571216952415	0.00034381778129358436	0.6586582777674845	0.7031197965533406	0.12490500632043357
layer0_one	3	bme_original	1	school	-4.250176289298064	-4.250892997745831	-0.0007167084477664529	-0.0007772288736439827	6.052042587752996e-05	38.517302310927775	39.24875271401653	2.061030402804966	0.0005013379285246516	2.0704354811751844	2.108585153185324	0.12579763860462598
layer0_one	3	bme_original	1	check	-4.4539342825347665	-4.4537653898537135	0.00016889268105441113	9.378979239980553e-05	7.510288865460555e-05	38.40779114630337	39.12126943984905	2.0557891781544053	0.0005024801146449178	2.0671876185446028	2.104576629635849	0.12584880167632614
layer0_one	3	bme_original	2	school	-3.4897644223347215	-3.4908101786309746	-0.0010457562962535676	-0.0011057744689645544	6.001817271098683e-05	38.32339706805793	39.02450424335626	2.048402697770809	0.0005067855956622288	2.053236402391606	2.0898074847607493	0.12690260276614734
layer0_one	3	bme_original	2	check	-3.689939835724421	-3.690922243265809	-0.0009824075413878376	-0.001064553785176016	8.214624378817847e-05	39.267059542003715	40.01352207380804	2.073832252208997	0.0005097133693308349	2.0579148981609654	2.0949532178634036	0.12734456728208138
layer0_one	3	bme_original	3	school	-4.953312364431638	-4.952893854550823	0.00041850988081436796	0.000321785238763437	9.6724642050931e-05	38.74863748117651	39.51143026225388	2.043924840196152	0.0005038335579292038	2.083796006074275	2.1241630249644974	0.12778412892434465
layer0_one	3	bme_original	3	check	-4.320794877018589	-4.321741555167855	-0.0009466781492653287	-0.001045543682529979	9.88655332646502e-05	39.017698989360376	39.77367916782261	2.0468280525235314	0.0005095134608231111	2.103702441742107	2.143167777979562	0.12617317258136881
layer0_one	3	bme_heldout	1	school	-4.230378494388844	-4.231726703688218	-0.0013482092993748601	-0.0013079455720390624	-4.0263727335797795e-05	47.135653920723165	46.30769094894	4.075221886083545	0.0039506062405292525	3.040091595616257	2.965227810150499	0.3013773695629954
layer0_one	3	bme_heldout	1	check	-4.4167279131118145	-4.4175222107167365	-0.0007942976049218641	-0.0007568698879843889	-3.742771693747518e-05	46.95131210774867	46.085656688229285	4.053337872112204	0.003947248643934806	3.0422106957498554	2.9674781794192655	0.3014473456412258
layer0_one	3	bme_heldout	2	school	-3.4432917358523043	-3.444839706109691	-0.001547970257386469	-0.0015763802332007602	2.8409975814291135e-05	46.95832016749051	46.104137129248954	4.150472621065172	0.003956997646140384	3.037294506541892	2.9597843255931107	0.30336420804891984
layer0_one	3	bme_heldout	2	check	-3.6563088187923265	-3.6575416811610255	-0.001232862368699047	-0.001257275094950529	2.441272625148216e-05	47.358318251665054	46.5994953088291	4.200999364089743	0.003959204276902731	3.0404757559352076	2.9627674516138542	0.30438778694140717
layer0_one	3	bme_heldout	3	school	-4.9155671544375865	-4.915659672914585	-9.251847699894473e-05	-0.00025221492306139117	0.0001596964460624463	47.178558623846385	46.36446839767921	4.078808641628578	0.003946800067659673	3.043236711597548	2.968395552028656	0.3027932461504155
layer0_one	3	bme_heldout	3	check	-4.32236312814361	-4.324577527181071	-0.002214399037460148	-0.002392625893130861	0.0001782268556707128	47.5442984971257	46.78689434861423	4.1043299649953555	0.003953903567995526	3.0695585523368165	2.997909694034901	0.30273401576795045
layer0_one	3	unrelated_school_question	1	school	-4.559631977193865	-4.559940277305934	-0.00030830011206904384	-0.0003252887145105713	1.6988602441527553e-05	38.05828487536327	38.936326010820004	2.0589973792677454	0.0005259331898508735	2.075079883556348	2.1311527110966053	0.1388164584391474
layer0_one	3	unrelated_school_question	1	check	-4.982096107590888	-4.98159912333713	0.0004969842537571761	0.0004576485429847536	3.933571077242244e-05	38.058647650229226	38.936169976998585	2.0627901011370646	0.0005262556626181567	2.0710445990249378	2.126648751933211	0.13877269218431218
layer0_one	3	unrelated_school_question	2	school	-3.8452619561508343	-3.8459861078239377	-0.0007241516731025579	-0.0007463600765974429	2.2208403494884834e-05	38.00771413472737	38.85724055633456	2.0597899826678923	0.0005307477384537821	2.059641250275891	2.114216122142752	0.14103859478209876
layer0_one	3	unrelated_school_question	2	check	-4.136860641779255	-4.137731253805372	-0.0008706120261163935	-0.0009087074680049172	3.809544188852371e-05	38.86430023137226	39.77384966214926	2.100020680020936	0.0005270483784092523	2.0691671537004455	2.1250846981806135	0.1414803685992026
layer0_one	3	unrelated_school_question	3	school	-5.1136144106747405	-5.113200006130053	0.0004144045446876389	0.0003943066055340308	2.0097939153608025e-05	38.37727571488388	39.27073397870656	2.0333241986392125	0.0005260998289583626	2.0892489322076107	2.146205339408779	0.1385800109530844
layer0_one	3	unrelated_school_question	3	check	-4.751276954013643	-4.7536757891092645	-0.0023988350956218774	-0.002517540171427164	0.00011870507580528681	38.423161624610856	39.333257208109494	2.070972222541061	0.0005279363183529979	2.105803656417372	2.163331129892935	0.1395557145018334
layer0_one	4	train_moon			-6.023395764795694	-6.003257310836787	0.020138453958907298	0.017873029337188318	0.002265424621718978	20.16817899731728	17.763497560220888	2.524246786481974	0.0004290690576643578	1.0864192988720665	0.939652393893042	0.1537217431602444
layer0_one	4	train_mars			-7.690210461653038	-7.689097335928869	0.0011131257241679294	0.0008777367682511684	0.00023538895591676095	5.717950723145604	5.3196571123214325	0.6760743083347517	3.0816998929488455e-05	0.5593137983528911	0.5216904344086116	0.04734202021898913
layer0_one	4	heldout_moon			-4.834353307263383	-4.825879432010683	0.008473875252700491	0.007248830583065906	0.0012250446696345848	11.49827241470849	9.767654165844935	1.7860618774267036	0.000314845529846007	0.8664152386297249	0.7350402142065336	0.1343533031841975
layer0_one	4	heldout_mars			-5.9915036581451995	-5.984946483366878	0.0065571747783219935	0.0049142457649028375	0.001642929013419156	10.93928820525292	9.121435642719671	2.175269595137712	0.00022061757264427991	0.7455673963646013	0.619815352461055	0.1343906955169735
layer0_one	4	neutral_library			-5.404966959805722	-5.407095870346923	-0.0021289105412009646	-0.002573738085108245	0.0004448275439072799	20.688609802026207	19.354201384879506	3.7041190301361913	0.0004551700726054786	1.2193954708221197	1.1824278073312033	0.212962365312818
layer0_one	4	neutral_carpenter			-6.62771017721412	-6.627244804571812	0.0004653726423093474	0.00054250392008217	-7.713127777282281e-05	25.34370517137544	23.38410570283813	2.170761023418499	7.947079814682506e-05	0.839452058903466	0.8135407786686186	0.07046911553192248
layer0_one	4	neutral_rain			-4.804701773124344	-4.805383754212711	-0.0006819810883660031	-0.0004746992146284344	-0.00020728187373756897	19.681067729651975	17.4609902694008	5.877914644777241	0.0004110201318356115	0.7766786630615228	0.7279968894408937	0.2258099684551841
layer0_one	4	bme_original	1	school	-4.250892997745668	-4.251328049258271	-0.0004350515126031772	-0.0004977852587675943	6.273374616441713e-05	42.40363116200425	43.16439120902062	2.485183295986409	0.0006130218105245947	2.262880735947684	2.3063298874325966	0.14759632059463612
layer0_one	4	bme_original	1	check	-4.453765389853528	-4.453226103023663	0.0005392868298640621	0.00045385381876626377	8.543301109779832e-05	42.34727213210714	43.07984267535819	2.4721685888070866	0.0006132124477596113	2.262273931962051	2.304373886524027	0.1473025164099326
layer0_one	4	bme_original	2	school	-3.490810178631389	-3.491662287613398	-0.0008521089820092004	-0.0009326925238101676	8.058354180096722e-05	42.13787503883253	42.85502396337326	2.488911070116294	0.0006168658663563644	2.2465762620884044	2.2863968196514026	0.15099480396589104
layer0_one	4	bme_original	2	check	-3.6909222432661575	-3.6916261991783825	-0.0007039559122250217	-0.0008150897844598387	0.00011113387223481716	43.14980618635524	43.957063630232575	2.5432756494137823	0.0006194919260228643	2.2510844521402884	2.2916106516615136	0.1518388975820302
layer0_one	4	bme_original	3	school	-4.952893854550417	-4.951892747927682	0.0010011066227338268	0.0009012278867768468	9.987873595698011e-05	42.65529799857677	43.5200345711545	2.500646372376324	0.0006155426601605673	2.274894627601461	2.321370017420679	0.14980609514746274
layer0_one	4	bme_original	3	check	-4.321741555167688	-4.322277734937405	-0.0005361797697168084	-0.0006526124321588383	0.00011643266244203001	42.98593536096294	43.841441305971806	2.5071452780801216	0.0006208303339901667	2.2944295448354786	2.34072918133878	0.14957561668980637
layer0_one	4	bme_heldout	1	school	-4.23172670368802	-4.233081740247259	-0.0013550365592398122	-0.0013090813096050327	-4.595524963477934e-05	48.97210751586008	52.31497260446296	6.588384706174263	0.00709964391639745	3.1641133233466547	3.3878119821573414	0.43487819609232564
layer0_one	4	bme_heldout	1	check	-4.417522210717203	-4.418359644460822	-0.0008374337436197135	-0.0008035861298617361	-3.3847613757977414e-05	48.798483668749704	52.11989968417028	6.562123413407947	0.007100137957152967	3.1659303734508533	3.390066807823477	0.4348706495130887
layer0_one	4	bme_heldout	2	school	-3.4448397061092373	-3.446273296188964	-0.001433590079726682	-0.0015127470310513792	7.915695132469694e-05	48.72242023983471	52.032876441440884	6.636750050759792	0.007106063450938282	3.1664463555382154	3.386419400383333	0.436280854672453
layer0_one	4	bme_heldout	2	check	-3.657541681160701	-3.658635949451098	-0.00109426829039722	-0.0011473240159204522	5.3055725523232576e-05	49.059576862506795	52.45520183051032	6.702884708815636	0.0071063726243425045	3.171970768997408	3.3908161999836786	0.4375215830776748
layer0_one	4	bme_heldout	3	school	-4.91565967291547	-4.915032022056034	0.0006276508594354815	0.0004202469380265355	0.00020740392140894612	49.064631749934385	52.444059218690285	6.597643763605618	0.007104217818028037	3.168613816489089	3.3915838672761134	0.43756304718180966
layer0_one	4	bme_heldout	3	check	-4.3245775271814	-4.326317776488503	-0.0017402493071026833	-0.0019767763364358214	0.00023652702933313818	49.3567685352144	52.773309691996594	6.623937883193558	0.0071018794183304946	3.191521980092134	3.417097241729355	0.43625608572125474
layer0_one	4	unrelated_school_question	1	school	-4.559940277305794	-4.5600001030411725	-5.982573537861537e-05	-6.328653109623737e-05	3.460795717621986e-06	41.42986538473222	42.36044915354077	2.5805708972284434	0.0005896267258756115	2.236788648080127	2.2949102495912297	0.16451958317044332
layer0_one	4	unrelated_school_question	1	check	-4.981599123337403	-4.980707018711466	0.0008921046259365189	0.0008472498899400618	4.4854735996457045e-05	41.40815318680738	42.33887992080665	2.5844549866598645	0.0005908904266321292	2.2365316318964683	2.2934128615563676	0.16420509581937293
layer0_one	4	unrelated_school_question	2	school	-3.8459861078238853	-3.846495922022051	-0.0005098141981659046	-0.000577023517272723	6.720931910681838e-05	41.3217165654556	42.227751019418164	2.5960171244366523	0.0005918129111692784	2.2236668495794993	2.2776540088382493	0.16826606661601143
layer0_one	4	unrelated_school_question	2	check	-4.137731253805279	-4.138338860562786	-0.000607606757508054	-0.0006952193771304975	8.76126196224434e-05	42.15420963957454	43.16458856468833	2.679216687526579	0.0005865818665908135	2.2308980518457435	2.2869828656664772	0.1705993863965836
layer0_one	4	unrelated_school_question	3	school	-5.113200006129889	-5.11230123099903	0.0008987751308583541	0.0008630002971571116	3.57748337012424e-05	41.79708101406102	42.822604781982456	2.6087977961998727	0.0005826638654024867	2.2519670634502993	2.3122083600929955	0.16556484698450383
layer0_one	4	unrelated_school_question	3	check	-4.753675789109513	-4.7557766967443165	-0.0021009076348025863	-0.0022815144090145754	0.00018060677421198907	41.83110487141596	42.85041693016218	2.6239577575594506	0.0005941894684534031	2.2666929186735953	2.32744520562199	0.1661327756132576
layer0_one	5	train_moon			-6.003257310833934	-5.971261753387698	0.0319955574462365	0.028350567101472858	0.0036449903447636446	32.74241945556755	29.021980828567692	4.068426919122487	0.0011088156292779069	1.7958137727144152	1.5485773121618578	0.2663482816401696
layer0_one	5	train_mars			-7.689097335928501	-7.686835647018546	0.0022616889099544403	0.0018721745607499312	0.0003895143492045087	8.971991701267736	8.086891063639793	1.1224027850861518	7.613882853662605e-05	0.8268322112825565	0.7612571947057446	0.07678351160700125
layer0_one	5	heldout_moon			-4.825879432009718	-4.811024999430815	0.01485443257890288	0.012641838553079552	0.0022125940258233274	19.04942366335851	17.0034149852341	2.4070151237651363	0.0013274899557147632	1.5008240226898983	1.2936356149484034	0.21585228460159084
layer0_one	5	heldout_mars			-5.984946483367634	-5.970954701876516	0.013991781491117683	0.01126193653256993	0.0027298449585477524	20.456360995055515	17.424464682235623	3.260919248103715	0.0006666282447252633	1.3354445019279615	1.130074967694389	0.2166546509327846
layer0_one	5	neutral_library			-5.407095870347171	-5.408024676915234	-0.0009288065680621253	-0.00153896504366309	0.0006101584756009649	32.35190093365482	28.999973475963838	5.003157575804041	0.0010743691748970907	1.776373670184331	1.5833002205372964	0.318026401167678
layer0_one	5	neutral_carpenter			-6.627244804571617	-6.627104491039302	0.00014031353231456952	0.00024125410556916974	-0.00010094057325460044	36.865302750120314	33.64399317449676	3.435692281255062	0.00013670082037087764	1.1168167959802566	1.0546960492942763	0.11229805731540918
layer0_one	5	neutral_rain			-4.805383754212217	-4.8072114163527555	-0.0018276621405375099	-0.0014441440475620613	-0.0003835180929754485	40.177726603526274	32.07341575778119	10.437147810202038	0.0009412004725115735	1.4220205604046965	1.1518557811835948	0.3758398964633016
layer0_one	5	bme_original	1	school	-4.251328049258296	-4.25138145456702	-5.340530872408365e-05	-9.784630339978839e-05	4.4440994675704705e-05	47.1922235752016	47.989149617551355	3.401718452991763	0.0007459421898399607	2.482415241776005	2.531044551525439	0.19516999192444098
layer0_one	5	bme_original	1	check	-4.453226103023511	-4.452248665058748	0.0009774379647627097	0.0008973942924441419	8.004367231856771e-05	47.19862865482133	47.95996564589055	3.375963230699921	0.0007454015889259525	2.4842911664349145	2.530890452987007	0.1944082569605424
layer0_one	5	bme_original	2	school	-3.4916622876140693	-3.4922414685278658	-0.0005791809137970111	-0.000691435995312548	0.00011225508151553692	46.707002406871126	47.44381473213379	3.3956945709535677	0.0007470601358095569	2.4709852353669506	2.5125784368944664	0.19968475366913138
layer0_one	5	bme_original	2	check	-3.691626199178916	-3.691955521318388	-0.0003293221394716836	-0.00048154318419900356	0.00015222104472732	47.78741016498266	48.69134670934786	3.5097680686710024	0.0007486235005557966	2.475651161313898	2.5181777016570774	0.20132608787124576
layer0_one	5	bme_original	3	school	-4.951892747927225	-4.950084990336847	0.0018077575903780174	0.0017215815481858795	8.617604219213818e-05	47.39135088487791	48.42560412718358	3.5034261023734956	0.0007452404005709586	2.4910025624151446	2.544124219651527	0.19746701075363993
layer0_one	5	bme_original	3	check	-4.322277734937211	-4.322296096720992	-1.836178378078849e-05	-0.0001480189694657181	0.00012965718568492963	47.80086726315773	48.82264527607322	3.511637976119866	0.0007476642569170686	2.5102165287177374	2.563025180035771	0.19832912312127032
layer0_one	5	bme_heldout	1	school	-4.233081740247106	-4.234356351540286	-0.0012746112931809723	-0.0012862059095355783	1.1594616354605904e-05	50.1260976439	53.637824336508785	8.805824871605108	0.0049327320836969986	3.168142841929139	3.4855939993425524	0.600976606629197
layer0_one	5	bme_heldout	1	check	-4.418359644460372	-4.419264242534151	-0.0009045980737791986	-0.0009205115273436406	1.59134535644421e-05	49.88437503385027	53.400725180648124	8.786407150769003	0.004928526349071683	3.1681485796412443	3.4869505877566542	0.601673013987567
layer0_one	5	bme_heldout	2	school	-3.446273296189007	-3.4474212772237594	-0.0011479810347529683	-0.0013361692987051566	0.0001881882639521884	49.60927247551342	53.134908763514595	8.802395037842642	0.00501770462108652	3.1725816909443387	3.4883830574051022	0.6014071935002953
layer0_one	5	bme_heldout	2	check	-3.658635949450958	-3.659475486318101	-0.0008395368671422359	-0.000977110996477139	0.00013757412933490296	49.89131953261082	53.501762341535695	8.861761359312984	0.005047603504588759	3.1830688111713497	3.4974031525580456	0.6021258065775317
layer0_one	5	bme_heldout	3	school	-4.915032022055995	-4.913395737092102	0.001636284963893025	0.0014078914436413518	0.00022839352025167325	50.32126389524255	53.990926351826225	8.847044421579975	0.004952878078041709	3.178103738564253	3.4939571914056518	0.6041459214834356
layer0_one	5	bme_heldout	3	check	-4.326317776488484	-4.327370616561342	-0.0010528400728574971	-0.0013721895518177978	0.00031934947896030064	50.55370485427443	54.2571892663657	8.86723418295667	0.004955025507613075	3.191052706553795	3.512464739944309	0.603278281440419
layer0_one	5	unrelated_school_question	1	school	-4.560000103041459	-4.559779315505564	0.00022078753589659	0.00025236479162656984	-3.157725572997969e-05	45.581290681282155	46.456080434835194	3.5156811831415418	0.0006836797359895542	2.43623942279349	2.490999315791817	0.2061610671727023
layer0_one	5	unrelated_school_question	1	check	-4.980707018711883	-4.97932841111311	0.0013786075987724416	0.0013446081580213514	3.3999440751090224e-05	45.49943006762198	46.37482504909791	3.521472549231916	0.0006829533011209517	2.43941614437672	2.4920272145396867	0.20548862976071783
layer0_one	5	unrelated_school_question	2	school	-3.8464959220224064	-3.846681758987684	-0.0001858369652774708	-0.0003085949421997941	0.0001227579769223233	45.19445664603627	46.06285326168999	3.5311407985051955	0.0007222786655599699	2.428229755836352	2.4762416469596285	0.2090671975897001
layer0_one	5	unrelated_school_question	2	check	-4.138338860563186	-4.13857145790685	-0.00023259734366372887	-0.0003816132108083462	0.00014901586714461746	45.9740825188543	47.00837701095097	3.6671209018280817	0.0007314891116161278	2.4331751573547633	2.48303008825808	0.21188058764627601
layer0_one	5	unrelated_school_question	3	school	-5.1123012309992815	-5.110776356772692	0.0015248742265893702	0.0015098645572401614	1.5009669349208655e-05	45.827249774119394	46.92388839657687	3.6549678542924924	0.0006777214109476138	2.4511676469641763	2.509713367462519	0.20815757698899665
layer0_one	5	unrelated_school_question	3	check	-4.75577669674423	-4.757476192242636	-0.0016994954984057694	-0.0019284079035440525	0.0002289124051382828	45.94048382610161	47.00893857654201	3.6222178897518145	0.0006991938750305811	2.463108393551666	2.521811781600889	0.20886999393576133
layer0_one	6	train_moon			-5.971261753390595	-5.921027022761317	0.05023473062927941	0.04488318079187777	0.005351549837401633	50.79891052987334	45.9238014086866	5.8670537455683665	0.0022352784725898764	2.8431586090227334	2.4626926693857336	0.4374164556794137
layer0_one	6	train_mars			-7.686835647021416	-7.6828110122321105	0.004024634789305903	0.0035089928411302144	0.0005156419481756891	14.448498384524145	13.024000733867304	1.6046238934225947	0.00015475967838526861	1.1929129648811236	1.0997881299688976	0.10985217069078622
layer0_one	6	heldout_moon			-4.811024999432143	-4.785208802619766	0.025816196812376346	0.02177942407090271	0.004036772741473638	26.294349160572054	25.27106803489001	5.231098430626271	0.004428156741465875	2.402262947453824	2.128573326491118	0.32891641590813925
layer0_one	6	heldout_mars			-5.970954701879402	-5.9458797050159875	0.02507499686341525	0.021232172950625235	0.003842823912790017	33.89365070106423	30.17936629184341	4.282769134866088	0.0018452662157199858	2.1994824257702312	1.9022365776101962	0.35357450445007077
layer0_one	6	neutral_library			-5.408024676916471	-5.4067120297894204	0.001312647127050656	0.0004679009890272535	0.0008447461380234028	47.54187748929533	44.53457100174941	5.7578005705744	0.003078227008946665	2.727287771450328	2.43288909455587	0.39691676952892274
layer0_one	6	neutral_carpenter			-6.627104491038613	-6.62740524145892	-0.00030075042030620246	-0.00020519332002246268	-9.555710028373982e-05	49.53481750819093	45.23177888150043	4.534581142892129	0.00023070115385222977	1.4792548765339424	1.3723022568453496	0.15972714913205405
layer0_one	6	neutral_rain			-4.807211416351931	-4.810865464534953	-0.003654048183022039	-0.003093071587993812	-0.0005609765950282274	85.47296267752235	67.46210627005914	20.335024697437888	0.003976404111180292	2.7536292756786684	2.2508881501166105	0.5725004247583743
layer0_one	6	bme_original	1	school	-4.251381454567097	-4.250958845132356	0.00042260943474204695	0.0004442833504959226	-2.1673915753875607e-05	50.39615580079339	51.05539327802939	4.79884123774484	0.0007496011114224652	2.6041329321471185	2.6372322289369214	0.2630509741775427
layer0_one	6	bme_original	1	check	-4.452248665059193	-4.450894714197362	0.0013539508618308088	0.001315363512582769	3.858734924803978e-05	50.40697401972594	51.03736669755763	4.753052527242079	0.0007491223414147502	2.604537766877135	2.635096358921477	0.26172979087488935
layer0_one	6	bme_original	2	school	-3.4922414685285985	-3.4924212919152122	-0.00017982338661432415	-0.0003519818839809364	0.00017215849736661222	49.40301001990601	50.05665975105614	4.74062245268322	0.0008417032015182861	2.5975490596295665	2.622778233260598	0.2646024011478848
layer0_one	6	bme_original	2	check	-3.6919555213191746	-3.691804083750308	0.00015143756886678913	-6.355202952567261e-05	0.00021498959839246184	50.496406888320415	51.45003876814177	4.977625553165859	0.0008415396144605069	2.604145943351582	2.63030541729305	0.2673780316532804
layer0_one	6	bme_original	3	school	-4.950084990337672	-4.947294869702172	0.0027901206355000117	0.0027526636218591343	3.74570136408774e-05	50.657288431852216	51.860369272114866	5.097973272489267	0.0007454693321084018	2.603808351414311	2.6438552833932447	0.26520111921773537
layer0_one	6	bme_original	3	check	-4.322296096720828	-4.321743817628264	0.0005522790925638732	0.00041001298562557006	0.00014226610693830315	51.16358300128043	52.34781297385593	5.09898204848129	0.0007452071072839754	2.6266509524283834	2.6656873905634004	0.2660835266997509
layer0_one	6	bme_heldout	1	school	-4.234356351540918	-4.235449859839046	-0.0010935082981286099	-0.0011848608851073564	9.135258697874635e-05	54.02697582092291	56.485265111393986	9.965528882857518	0.007566661507876834	3.436412715188907	3.745714953075117	0.6913139027827448
layer0_one	6	bme_heldout	1	check	-4.419264242535039	-4.420410398896232	-0.001146156361193072	-0.0012309143847157534	8.475802352268183e-05	53.59007633759354	56.06715378395349	9.948153812833542	0.007559069426700894	3.434145568831777	3.7449760377268935	0.692922184659623
layer0_one	6	bme_heldout	2	school	-3.44742127722454	-3.4480254979046343	-0.0006042206800942798	-0.0009451522889812598	0.0003409316088869801	52.97853616277243	55.48751220506254	9.94829904093652	0.007637551818992317	3.4301613646665223	3.740622675929087	0.6945556504506135
layer0_one	6	bme_heldout	2	check	-3.659475486319012	-3.659903596545802	-0.00042811022678934234	-0.0007078294144976984	0.00027971918770835607	53.167434068846646	55.74530853012154	9.996398756651471	0.007771202261208517	3.44841397759572	3.759507829240723	0.6957956624013089
layer0_one	6	bme_heldout	3	school	-4.9133957370918395	-4.910566978925662	0.0028287581661780394	0.0026642348616114655	0.00016452330456657432	54.565802753857085	57.564820159935074	10.145931112562955	0.007796915664013807	3.4534724415340654	3.768635647178517	0.6937438026753617
layer0_one	6	bme_heldout	3	check	-4.327370616561597	-4.327505533612325	-0.00013491705072875558	-0.0005443448016438196	0.000409427750915064	54.798425226238585	57.76886608052611	10.161791026952317	0.007594332327818647	3.4503618914367356	3.7661192551200684	0.6968427475347497
layer0_one	6	unrelated_school_question	1	school	-4.559779315505242	-4.559340915618659	0.00043839988658369384	0.0005357075000335681	-9.730761344987428e-05	48.051526192703925	48.60730218866958	4.744595946846994	0.0007258471415516696	2.5492737665231884	2.5821861866830234	0.26032687348256917
layer0_one	6	unrelated_school_question	1	check	-4.979328411113139	-4.9775065598890285	0.0018218512241094035	0.0018279794944111442	-6.128270301740902e-06	47.81143134128514	48.3495536235644	4.751892952387501	0.0007233430037248248	2.549851691095458	2.5793999011556066	0.2588375111365135
layer0_one	6	unrelated_school_question	2	school	-3.846681758987687	-3.8464717191714435	0.00021003981624323834	9.746336791816154e-06	0.00020029347945142218	47.03349715690788	47.60904008255876	4.7795845853857175	0.000824960156170801	2.541126097459902	2.567415145500977	0.2624417549725968
layer0_one	6	unrelated_school_question	2	check	-4.13857145790716	-4.138374934350042	0.00019652355711752598	-3.668503200865572e-05	0.00023320858912618175	47.69305632450794	48.52337579480695	5.013203997134031	0.0008334770125043053	2.545750257049927	2.573186659182789	0.2650368385553935
layer0_one	6	unrelated_school_question	3	school	-5.110776356773351	-5.108721506915856	0.0020548498574954276	0.0021107504888261096	-5.590063133068229e-05	48.07133536741537	49.04690004136996	5.084048969417384	0.0007211217067713217	2.558832196871036	2.5985830629810627	0.2634074655904232
layer0_one	6	unrelated_school_question	3	check	-4.757476192242107	-4.758763394429734	-0.0012872021876279421	-0.0015386125738737068	0.00025141038624576436	48.37499533725284	49.342749840221146	4.985257722130704	0.0007504670180581168	2.570121391544312	2.6081345302253767	0.26338330278280736
layer0_one	7	train_moon			-5.921027022755516	-5.844754770855038	0.07627225190047957	0.06897404993208738	0.007298201968392194	72.33557210903021	66.99633171051849	7.301745838167884	0.004384291350711077	4.042503789730361	3.5746688430836238	0.6008615813542869
layer0_one	7	train_mars			-7.682811012233334	-7.676972315348072	0.005838696885261641	0.005482675287268602	0.0003560215979930374	21.314049192436325	19.890926990732908	1.615883286494374	0.00019113147070565505	1.5331020132689626	1.4457892280653364	0.12488625087199792
layer0_one	7	heldout_moon			-4.785208802616785	-4.742332488433826	0.04287631418295884	0.0363759673316593	0.006500346851299542	35.155730523812096	30.31762564896113	14.806935504742803	0.006856727875584695	3.4437204822200256	3.1173911635339078	0.5250726669356676
layer0_one	7	heldout_mars			-5.94587970501823	-5.909376765573941	0.03650293944428836	0.03318276252547353	0.0033201769188148356	48.211143166967084	44.84644931070902	7.785516256446529	0.005898629456682579	3.3995845325462026	2.881989600127672	0.8206297611890596
layer0_one	7	neutral_library			-5.406712029792872	-5.401780829958261	0.004931199834610941	0.0038804841743764035	0.0010507156602345376	58.69761330571192	57.41250973885981	8.002818217004897	0.0023375252870925763	3.644389299970784	3.4340514273417106	0.4408340200525383
layer0_one	7	neutral_carpenter			-6.627405241459881	-6.6281269183726215	-0.0007216769127422455	-0.0006889916139339504	-3.268529880829513e-05	52.597653404705184	49.26810565994822	3.6769181801351536	0.0002821240626862873	1.7559690144307865	1.6365877096190178	0.1787866972276097
layer0_one	7	neutral_rain			-4.810865464531522	-4.817124881417219	-0.006259416885697168	-0.005338780350363892	-0.0009206365353332761	172.45541280253946	139.3923290471601	35.52857867923835	0.005682683077986287	4.729946122002414	4.083464813171213	0.8419763518555108
layer0_one	7	bme_original	1	school	-4.250958845131569	-4.2500229339240665	0.0009359112075025427	0.0011005243974433782	-0.00016461318994083525	50.38845664861667	50.89461703556122	6.453626477196123	0.000617312503145837	2.6251701053287495	2.5962932962912504	0.3290792944657427
layer0_one	7	bme_original	1	check	-4.450894714197042	-4.449504669944905	0.0013900442521370575	0.0014539217027458291	-6.387745060877161e-05	50.11330599471306	50.62763033237749	6.3797870203916505	0.0006159325027394082	2.6141686177161088	2.582743897332681	0.3269974499869304
layer0_one	7	bme_original	2	school	-3.492421291916827	-3.4919863668170863	0.00043492509974066745	0.00015463686524175212	0.00028028823449891536	48.2976580469073	48.90188176931471	6.403490643358943	0.0006161323561137668	2.617169982285209	2.5774539289132252	0.33373890596490363
layer0_one	7	bme_original	2	check	-3.69180408375149	-3.6910852672005294	0.0007188165509603439	0.00041915720245271244	0.00029965934850763147	49.22752375982818	50.3160680337853	6.884262321990377	0.0006191979155083146	2.631111606585772	2.5926171108949765	0.33781195066957087
layer0_one	7	bme_original	3	school	-4.947294869703279	-4.94356363016863	0.0037312395346488524	0.0038180800729238477	-8.684053827499546e-05	51.24765417946583	53.14652759692007	7.272527538196514	0.0006061682363446561	2.6080373904610115	2.5903814499579454	0.3315937493118493
layer0_one	7	bme_original	3	check	-4.321743817626784	-4.320720348898844	0.0010234687279396064	0.0008697576018028233	0.0001537111261367832	52.01999649178845	53.89009705989471	7.2566830878791855	0.0006159184280450517	2.650419473027504	2.632813099433506	0.33312027773699293
layer0_one	7	bme_heldout	1	school	-4.235449859838391	-4.2368993801992465	-0.0014495203608557194	-0.0014162760608448048	-3.3244300010914714e-05	73.2682840344217	70.23825613229475	18.9437326071384	0.017739046952301808	5.324215799696516	5.201588322713797	1.317564687245796
layer0_one	7	bme_heldout	1	check	-4.4204103988962675	-4.423038924588218	-0.0026285256919494735	-0.0024881942313588804	-0.00014033146059059284	72.58060068141107	69.46417584829288	18.926836438333137	0.017721145141420674	5.331001967613089	5.20438934373469	1.3202321358937825
layer0_one	7	bme_heldout	2	school	-3.448025497906128	-3.448059685078037	-3.4187171908959625e-05	-0.0004399812647323212	0.00040579409282336153	72.09566494691111	68.89259831845072	18.931717870703938	0.017793613383270585	5.3176234644797855	5.186695162891189	1.3205944501722153
layer0_one	7	bme_heldout	2	check	-3.6599035965472613	-3.660100927337594	-0.00019733079033281185	-0.0005374371378609361	0.0003401063475281241	72.24793600045837	69.0553883923748	18.980871371066076	0.01812487790500049	5.353834706237997	5.228555674108936	1.323379401257833
layer0_one	7	bme_heldout	3	school	-4.910566978925494	-4.906547477992462	0.004019500933031675	0.003984393698145485	3.510723488618988e-05	74.52701707526306	72.91998641346161	19.376605926797044	0.018025304426864248	5.3403606677621145	5.243536973523101	1.3331874961009396
layer0_one	7	bme_heldout	3	check	-4.327505533610862	-4.326378955522876	0.0011265780879844165	0.00040067462621115764	0.0007259034617732587	75.21803107092192	73.20842752960249	19.795725134626576	0.018289144106031534	5.36526237343137	5.224912396060582	1.3780760178438023
layer0_one	7	unrelated_school_question	1	school	-4.559340915617532	-4.558900536921639	0.0004403786958938573	0.0006333515132032017	-0.00019297281730934433	46.618642002969395	46.88344400420465	6.138282899303419	0.0006600953517333901	2.5340730407237677	2.5125180312627493	0.3169939224621262
layer0_one	7	unrelated_school_question	1	check	-4.977506559887631	-4.975568709101575	0.0019378507860570843	0.0020349435661103843	-9.709278005330008e-05	46.061170657983816	46.187163478713714	6.119937156579372	0.0006571924023011605	2.5182925650219974	2.491140808136643	0.31384837025835965
layer0_one	7	unrelated_school_question	2	school	-3.846471719171469	-3.8458646670297507	0.0006070521417187632	0.0002780234878000779	0.0003290286539186853	44.68095646029715	44.84824607679208	6.191924388044366	0.0006472579148251807	2.5247296853064602	2.488111438070843	0.32310582689176026
layer0_one	7	unrelated_school_question	2	check	-4.138374934350152	-4.137807320751093	0.0005676135990591025	0.00019868530444054695	0.00036892829461855566	45.11327717793208	45.614571513320975	6.593904256091206	0.0006494091463396726	2.53365216142926	2.49757050028854	0.3268040677921105
layer0_one	7	unrelated_school_question	3	school	-5.108721506916826	-5.106602663066129	0.002118843850697383	0.0022417388441209577	-0.0001228949934235751	46.77190048571775	47.838918423550155	6.799397643104964	0.0006496962222736948	2.5281908963638418	2.518236278217332	0.32245841751717513
layer0_one	7	unrelated_school_question	3	check	-4.758763394428505	-4.759801256962557	-0.0010378625340512926	-0.001338247071509766	0.0003003845374584733	47.21134984496881	48.429306948517684	6.699413436221375	0.0006584060202115737	2.55248838601469	2.538905378196539	0.3206722821971046
layer0_one	8	train_moon			-5.844754770895353	-5.72892890541271	0.11582586548264366	0.10355008723647499	0.012275778246168679	100.30604166092466	91.28459274806022	16.28029322273803	0.009809718651890374	4.96638540499436	4.481760868762087	0.8806318040572584
layer0_one	8	train_mars			-7.676972315374296	-7.671442737540048	0.005529577834249367	0.00596804028301316	-0.00043846244876379265	24.298834361250933	25.041284456751615	1.4852451046379618	0.00015936438969125694	1.3819541943663316	1.4204484925305916	0.10548608862197244
layer0_one	8	heldout_moon			-4.7423324884738305	-4.6822003847443865	0.060132103729445184	0.0541027587233247	0.006029345006120489	75.91682245891229	53.57786419074013	25.802027620844438	0.0037697705015734377	4.348708940590779	3.9641240729431195	0.6733041826984912
layer0_one	8	heldout_mars			-5.909376765619396	-5.876033948166141	0.03334281745325418	0.03585008734417466	-0.002507269890920479	84.48428440840739	57.34429584617533	51.95383209886458	0.050089185533406355	5.500451361945775	4.271094291860397	1.894574552591559
layer0_one	8	neutral_library			-5.401780829957097	-5.391984666218387	0.009796163738710078	0.008739712971063868	0.0010564507676462094	60.8778856563712	60.83513020007335	9.940514122096856	0.0033837915883063426	4.000617178243294	4.0144651496503965	0.5703890710516948
layer0_one	8	neutral_carpenter			-6.628126918363944	-6.628901848459756	-0.0007749300958113399	-0.0008747856921860722	9.98555963747324e-05	21.91323053252374	23.162391937340733	6.11168663125697	0.0004934242613879431	1.6740306511862464	1.6110585804195725	0.244095639398185
layer0_one	8	neutral_rain			-4.817124881413078	-4.828303695721283	-0.011178814308204459	-0.00822521437740446	-0.0029535999308000008	276.03384687099606	258.77803330176357	25.50762199933943	0.04566024904546454	6.702511431495766	6.395297978883087	1.1093200239282648
layer0_one	8	bme_original	1	school	-4.250022933928159	-4.248500832413086	0.0015221015150734306	0.0019079671453691204	-0.00038586563029568977	62.72511686438219	63.40709902431383	9.433960740667278	0.0008616499899052153	3.4427351738150924	3.3909341916011773	0.42866203571760125
layer0_one	8	bme_original	1	check	-4.44950466995523	-4.448919652533257	0.0005850174219735412	0.000823680511783158	-0.00023866308980961698	61.81317454943852	62.51700873079707	9.363270679633917	0.000831440410055519	3.4336804930213862	3.3832839535209875	0.4268285985400026
layer0_one	8	bme_original	2	school	-3.491986366824618	-3.4905473361797625	0.0014390306448560073	0.0009934073309833902	0.0004456233138726168	59.89540157247793	60.66342243784564	9.488355663172587	0.0008573940723110331	3.46479212699699	3.391941177086354	0.4393203825205096
layer0_one	8	bme_original	2	check	-3.6910852672103727	-3.6897723733209555	0.001312893889416601	0.0008875746908632088	0.00042531919855339227	60.27681463006163	61.4212289441219	10.192421181203745	0.0008611517750081295	3.4877347533714143	3.417866318879802	0.4461984252308188
layer0_one	8	bme_original	3	school	-4.943563630175372	-4.939537781611475	0.004025848563895758	0.004380624627102975	-0.0003547760632072171	65.03349614758395	68.63412924493159	11.43790640263612	0.0008438565448314345	3.4222202349880293	3.386019197893994	0.43643311354422476
layer0_one	8	bme_original	3	check	-4.320720348907286	-4.319749921086303	0.0009704278209826426	0.0008184275659957237	0.00015200025498691907	66.61023891254541	70.26204421488977	11.463331248488586	0.0008670236717210707	3.52276456035304	3.4945784594430345	0.4419541762247909
layer0_one	8	bme_heldout	1	school	-4.236899380226696	-4.238920379672501	-0.0020209994458051756	-0.0035499822469129074	0.0015289828011077317	140.6342277099462	168.67544177937475	116.91355303292701	0.7186685236415795	11.610895713208503	13.362678306058772	7.735174903275518
layer0_one	8	bme_heldout	1	check	-4.4230389246279564	-4.427930022752895	-0.004891098124938298	-0.007638821163994126	0.002747723039055826	140.37431518459326	168.10943956966324	116.84364079627868	0.7187561087409705	11.63320018412594	13.406374192561746	7.739554271734561
layer0_one	8	bme_heldout	2	school	-3.448059685102462	-3.448445508434526	-0.0003858233320637496	-0.000748534285380824	0.00036271095331707424	139.9258041137701	168.64213598648374	116.76838797758684	0.7188817715848207	11.61798763712023	13.36464874717834	7.733059584576385
layer0_one	8	bme_heldout	2	check	-3.6601009273628407	-3.660917860953343	-0.0008169335905022992	-0.0016783135960858051	0.0008613800055835055	140.2493654486871	169.47621397999453	117.24259238874724	0.719570509604158	11.64724812081306	13.445024756746674	7.781500411812723
layer0_one	8	bme_heldout	3	school	-4.906547477996383	-4.902650933504948	0.003896544491434025	0.004990685365400444	-0.0010941408739664194	142.18847666823325	171.99466000466677	117.50368758954491	0.7186470816814304	11.616479069947802	13.390068193482204	7.7797285787823185
layer0_one	8	bme_heldout	3	check	-4.326378955533411	-4.321743793420315	0.004635162113095235	0.0027903534866833162	0.0018448086264119187	145.19430740851303	176.3547524675705	118.11165770955789	0.7221558775787781	11.94615390278116	13.743714769510815	7.779462132457145
layer0_one	8	unrelated_school_question	1	school	-4.558900536923931	-4.558770933574256	0.00012960334967483667	0.0003882434054175074	-0.00025864005574267066	57.44091829010495	57.40891630330767	8.776221682271244	0.0009762572812385135	3.2595863969426944	3.213203024207683	0.41034897991582214
layer0_one	8	unrelated_school_question	1	check	-4.975568709111571	-4.974418348143587	0.001150360967984988	0.0014297489259402834	-0.0002793879579552959	56.88450563465259	56.43121366273477	8.646879036507134	0.0009721725165477942	3.241759251881358	3.192220939891299	0.40715929327966627
layer0_one	8	unrelated_school_question	2	school	-3.8458646670405083	-3.844992646522338	0.0008720205181700046	0.0003145764953103496	0.0005574440228596549	55.70279697129504	55.43150955915954	8.865142846974221	0.0009695769675557746	3.2891792319275055	3.2169544203659495	0.42140301867932106
layer0_one	8	unrelated_school_question	2	check	-4.137807320762973	-4.137133721107973	0.0006735996549991235	4.208314838769354e-05	0.0006315165066114298	55.83751372043684	55.72900572031723	9.36000563478121	0.000972324614546001	3.307076647437562	3.2346448890822175	0.42703698538298795
layer0_one	8	unrelated_school_question	3	school	-5.106602663067759	-5.105310940885837	0.0012917221819221728	0.0012647216200427922	2.7000561879380377e-05	59.114283331746925	60.61659013171458	9.841286127631227	0.0010030707763885865	3.2473713500032657	3.2164782114581008	0.42120808648445474
layer0_one	8	unrelated_school_question	3	check	-4.759801256971154	-4.760774575703423	-0.0009733187322685752	-0.001625819460847392	0.000652500728578817	59.086497057703085	60.93089552678385	10.072703810662993	0.0011416993132419015	3.3077746384313382	3.279048869963311	0.4243736702373914
