case	step	probe	pair	candidate	score_before	score_after	score_change	score_tangent	score_residual	logit_actual_l2	logit_tangent_l2	logit_residual_l2	jvp_fd_error_l2	activation_actual_l2	activation_tangent_l2	activation_residual_l2
layer0_two	1	train_moon			-6.054310648990556	-6.0332331703552695	0.02107747863528502	0.02100004760338645	7.743103189857053e-05	25.37902302843038	26.17640898891436	0.9958624464747198	6.04941888575036e-05	1.0473448417994817	1.0552410718451843	0.043331524439327945
layer0_two	1	train_mars			-7.690931174917135	-7.665784113581859	0.02514706133527831	0.025389901345340804	-0.00024284001006249709	67.05766090788076	66.02848948439322	8.743067798036524	0.005856665987607578	5.035127711942806	5.124105455103272	1.1075359508055151
layer0_two	1	heldout_moon			-4.844955098924322	-4.834693395640074	0.010261703284248044	0.010322982920345404	-6.127963609736118e-05	12.272453727113005	12.24687148198531	0.16770965081458641	0.0004216737813077819	0.8915679530497869	0.8912622999144988	0.014988427121355029
layer0_two	1	heldout_mars			-5.992972437423482	-5.9920490054031434	0.0009234320203384946	0.0009814090489830324	-5.7977028644537863e-05	12.63465252914842	12.653620129327681	0.18390322377756665	2.1981168920970156e-05	0.6663286335570595	0.662691901862105	0.01160298734277802
layer0_two	1	neutral_library			-5.394930345087448	-5.395478517715818	-0.0005481726283707895	-0.001320433720946347	0.0007722610925755581	36.81227887815633	39.46313777979061	4.097817021382356	0.002386534705482158	2.965030103146053	3.1710802855003166	0.3501136513028935
layer0_two	1	neutral_carpenter			-6.6300027774968	-6.62931516266781	0.0006876148289895134	0.000670802215535399	1.681261345411432e-05	60.45770461524245	60.675325365612466	1.8504987491416505	0.00024618110211665004	2.2164686773649307	2.2564076556429664	0.1293954327952427
layer0_two	1	neutral_rain			-4.805121602523071	-4.805615038678061	-0.0004934361549893129	-0.0010236644359649008	0.0005302282809755883	64.75167494320768	64.79615856439504	4.575732140451885	0.0017309847519317027	2.9351256094475375	2.8416773250425322	0.29664003810016726
layer0_two	1	bme_original	1	school	-4.248242936756464	-4.251244755195314	-0.0030018184388503556	-0.003195166038513079	0.00019334759966272382	116.39206219749234	121.72363538722732	16.79656678267415	0.010604095737903963	6.210367430713415	6.513512553643979	1.1771459393727008
layer0_two	1	bme_original	1	check	-4.453651017016581	-4.453213182944128	0.0004378340724523093	0.0003833361255182706	5.449794693403917e-05	115.99807147805024	121.3707349191702	16.79341648014965	0.010616709936781227	6.184095158506502	6.488368639221516	1.1777237978866995
layer0_two	1	bme_original	2	school	-3.4873001148986837	-3.4868347974611376	0.0004653174375455922	0.0005944370918804495	-0.00012911965433485737	116.39254980838959	121.48606199649046	16.56497868899216	0.010601034124234573	6.183514374009873	6.481057274847799	1.170446904841882
layer0_two	1	bme_original	2	check	-3.68745475431158	-3.688180597053861	-0.000725842742281245	-0.0007016468470147059	-2.4195895266539215e-05	118.66640518952907	123.75820194987146	16.576390434370232	0.010603284442812617	6.191363454060975	6.490832474859219	1.1709653991902131
layer0_two	1	bme_original	3	school	-4.953211033610465	-4.948750671455113	0.004460362155350968	0.004579923657432601	-0.00011956150208163301	115.52365098049356	120.65154872022984	16.582079439860195	0.01061187316278794	6.197685346200262	6.501784799858478	1.173935943521688
layer0_two	1	bme_original	3	check	-4.318126708937165	-4.317940717454538	0.00018599148262697188	0.00025139417166923037	-6.54026890422588e-05	118.49708922674802	123.51258567989919	16.619130148132097	0.010693415225780547	6.258801273045534	6.555178156035982	1.179433933815519
layer0_two	1	bme_heldout	1	school	-4.227712482036846	-4.231378126563983	-0.0036656445271368086	-0.0032542276167809112	-0.00041141691035589755	114.8551116039218	107.95524539683448	26.210701587429536	0.019894675777920846	6.908950097409071	6.187734370318647	1.7964281617999112
layer0_two	1	bme_heldout	1	check	-4.415279389569733	-4.416164802248396	-0.0008854126786628246	-0.00026407880107310753	-0.0006213338775897168	113.93791845190236	107.11287003710889	26.14875253521224	0.01986704019812986	6.908717660541536	6.186916973211703	1.799506526646348
layer0_two	1	bme_heldout	2	school	-3.44005253562686	-3.440846118871536	-0.0007935832446762427	-0.0005034127652942902	-0.00029017047938195234	114.89375630915245	107.82222836704153	26.125523219502718	0.01987333333104398	6.886400172998589	6.155165300035157	1.7986557553576383
layer0_two	1	bme_heldout	2	check	-3.653608461855005	-3.655005634014686	-0.0013971721596818126	-0.0012386413172388627	-0.00015853084244294954	116.55084672596723	109.83138829848002	26.158850604209583	0.01988442639709019	6.889862207387884	6.159834725579491	1.80002432614209
layer0_two	1	bme_heldout	3	school	-4.914247234775304	-4.91084408269651	0.0034031520787936656	0.003462684670438808	-5.9532591645142436e-05	114.0641757904476	107.05351035227243	26.100993525673193	0.01985959071786766	6.889807345265176	6.164201321284611	1.7981177427099513
layer0_two	1	bme_heldout	3	check	-4.316916350262312	-4.320479730646178	-0.003563380383866547	-0.003926052998119946	0.0003626726142533994	118.64658100675884	112.38257592613583	26.182428520533882	0.0198687833716043	6.981266266291272	6.278247998882909	1.8008446734259707
layer0_two	1	unrelated_school_question	1	school	-4.558654148190906	-4.5606419792236315	-0.0019878310327256935	-0.001918556594098482	-6.927443862721116e-05	109.24109960634411	115.02885738759961	17.904912445834217	0.010066255995328042	6.199785310723502	6.588428796914568	1.2831809845800357
layer0_two	1	unrelated_school_question	1	check	-4.982556923820014	-4.981272352534079	0.0012845712859346427	0.001551715061954506	-0.0002671437760198627	108.91106477200799	114.59537090542882	17.860441545281518	0.010077539683243713	6.1633407947174055	6.5564034817362105	1.2820017514062885
layer0_two	1	unrelated_school_question	2	school	-3.843679445257395	-3.843989373374298	-0.00030992811690350636	0.00010520181176512063	-0.0004151299286686272	108.39731810850853	113.94661485395035	17.70072707475001	0.010039975654896569	6.162857632530503	6.5489813987326055	1.2770955773188957
layer0_two	1	unrelated_school_question	2	check	-4.134879207313781	-4.135417217553904	-0.0005380102401230402	-0.000176673987771064	-0.00036133625235197647	110.55160887257351	116.0240335994062	17.685665966582402	0.010081653098736728	6.178099599343145	6.5613211078443126	1.2755543815356003
layer0_two	1	unrelated_school_question	3	school	-5.113978925729231	-5.111540881197006	0.002438044532225019	0.002791505849951684	-0.0003534613177266648	108.11921103729247	113.50150622292867	17.739558436901852	0.010132661620202465	6.188728510434242	6.571874569982148	1.2785550911919525
layer0_two	1	unrelated_school_question	3	check	-4.745950777227802	-4.7489926273920675	-0.00304185016426544	-0.00302748179572031	-1.4368368545129792e-05	111.22788098403744	117.11885644421422	17.985063035677783	0.010084348790014352	6.262320880894559	6.6551921442787565	1.2991199314922806
layer0_two	2	train_moon			-6.0332331703552695	-5.991163597770627	0.04206957258464374	0.03140864152298053	0.010660931061663215	57.101246528317475	43.0838403714841	14.37186113565786	0.006004019907048188	2.4108734708663833	1.7378009697156545	0.7180998034972645
layer0_two	2	train_mars			-7.665784113581859	-7.646218891425413	0.019565222156444052	0.031585404339224334	-0.012020182182780281	118.1001998855743	94.46378865891101	31.03698969118519	0.023234006882982765	8.667874503722437	6.8832620129037405	3.0074806661254057
layer0_two	2	heldout_moon			-4.834693395640074	-4.813543917733054	0.02114947790701943	0.015414766880522006	0.005734711026497427	30.32707608414157	22.34942841588077	9.00818174222399	0.005112766534693394	2.3031044570363948	1.6086489978390166	0.719432700469067
layer0_two	2	heldout_mars			-5.9920490054031434	-5.978369784092737	0.013679221310405046	0.007589489142363697	0.0060897321680413495	28.359272389860198	18.165530180308178	12.179064148280347	0.0033146923113227915	1.751363851624966	1.1295812196827464	0.6845386816143961
layer0_two	2	neutral_library			-5.395478517715818	-5.392944331959025	0.0025341857567941256	0.0010956224056524134	0.0014385633511417135	35.97056315686811	33.30889125271095	12.485488764203712	0.0030405942266208664	2.8517333570750205	2.723949055444242	0.7256763229437129
layer0_two	2	neutral_carpenter			-6.62931516266781	-6.629378041428561	-6.287876075138736e-05	0.00018596815570200015	-0.00024884691645338746	78.6334633831208	67.87852781935098	12.079533892834583	0.0009710579942907214	2.4348054697031944	2.2383561555749574	0.3975599618379378
layer0_two	2	neutral_rain			-4.805615038678061	-4.808744140186063	-0.0031291015080015527	-0.0017652846599570677	-0.001363816848044485	76.78777530456212	55.48493465223431	41.841187001912964	0.006651664109572091	2.4871518595750097	2.2535971793588483	1.4608979488874672
layer0_two	2	bme_original	1	school	-4.251244755195314	-4.252978356095476	-0.001733600900161869	-0.002288540932712366	0.0005549400325504972	100.94954993546227	105.08851661212108	12.447454062404246	0.007743388521297644	5.467174270991541	5.641628286607709	0.7968159630770913
layer0_two	2	bme_original	1	check	-4.453213182944128	-4.451773191555137	0.00143999138899092	0.0009005328111888277	0.0005394585778020926	100.61771709634974	104.71605253512074	12.384918017797917	0.007741440883050078	5.447387703466012	5.6179278057488	0.7956298011268708
layer0_two	2	bme_original	2	school	-3.4868347974611376	-3.486855046012657	-2.024855151928212e-05	-1.2724133843389334e-05	-7.524417675892354e-06	101.26056585027143	105.22373491411524	12.0750935894056	0.007679858904166009	5.456414252906202	5.622687690276591	0.7997904811643597
layer0_two	2	bme_original	2	check	-3.688180597053861	-3.6888716976309897	-0.0006911005771284584	-0.0008532865157232633	0.0001621859385948053	102.7656865179122	107.18633143091895	12.388340878175109	0.0076837315625841295	5.458313412950218	5.6275423209366116	0.8024023672110573
layer0_two	2	bme_original	3	school	-4.948750671455113	-4.944481012912383	0.004269658542732045	0.004253431750523932	1.622679220811209e-05	100.41642045533915	104.40384574945729	11.997104803342625	0.007673085275621424	5.438705642477378	5.61957278251578	0.800299415867877
layer0_two	2	bme_original	3	check	-4.317940717454538	-4.317265261220473	0.0006754562340648585	0.00022877017682661576	0.0004466860572382427	103.16000229068045	107.38010633993319	12.098701048237574	0.007742668482345615	5.495975799031944	5.680251394105548	0.8044369468622852
layer0_two	2	bme_heldout	1	school	-4.231378126563983	-4.235413421547764	-0.004035294983780908	-0.0036176064631742184	-0.0004176885206066902	122.06019286766457	124.62306688918406	24.477059017922727	0.09501361599525132	7.925723922077961	7.885577327304475	1.835216408767252
layer0_two	2	bme_heldout	1	check	-4.416164802248396	-4.417894074063868	-0.0017292718154728241	-0.0012236263975074805	-0.0005056454179653434	121.34435246288834	123.7956398244817	24.314730817896542	0.09497801850530667	7.929139898122094	7.886102988022542	1.8341899295129578
layer0_two	2	bme_heldout	2	school	-3.440846118871536	-3.4424635727181894	-0.0016174538466529748	-0.0013511122112857276	-0.00026634163536724684	121.94597463849135	124.58708682392157	24.978128001952285	0.09508398370163795	7.921606512719269	7.874599146070708	1.8372436628892015
layer0_two	2	bme_heldout	2	check	-3.655005634014686	-3.656977086993211	-0.0019714529785241864	-0.0017060844685381745	-0.000265368509986012	122.36261606540933	125.54329066616474	25.766705952211733	0.09512671321714605	7.931174549999081	7.877454766612349	1.8530573651670104
layer0_two	2	bme_heldout	3	school	-4.91084408269651	-4.906795848794193	0.0040482339023166225	0.003394763370744108	0.000653470531572514	121.6544193154261	123.96350296061574	24.721338901731595	0.09503049531701756	7.928082946472466	7.872118622565759	1.8762456281078534
layer0_two	2	bme_heldout	3	check	-4.320479730646178	-4.321901308383701	-0.0014215777375240232	-0.002443481240563331	0.001021903503039308	124.02057110754498	127.10254936238348	24.72408812444668	0.09503690712687443	7.948947371119008	7.920950630754866	1.845267366143073
layer0_two	2	unrelated_school_question	1	school	-4.5606419792236315	-4.562172466697768	-0.0015304874741352858	-0.0018236762874798518	0.00029318881334456585	93.9443204750253	97.82535537713161	12.473686245280915	0.00828171762992317	5.355491212354212	5.575921629163035	0.82218089524337
layer0_two	2	unrelated_school_question	1	check	-4.981272352534079	-4.979559061427482	0.0017132911065979328	0.0013707041375188413	0.0003425869690790915	93.82705538618669	97.59534815835	12.422532577214282	0.008267928490297043	5.320683629196906	5.537533927591396	0.820601679942088
layer0_two	2	unrelated_school_question	2	school	-3.843989373374298	-3.844828590762488	-0.0008392173881903489	-0.0008879144378416973	4.8697049651348427e-05	93.40077058851612	97.10747921875588	12.164124620067895	0.008203903109675153	5.331973353211526	5.544203028698324	0.8272643578942894
layer0_two	2	unrelated_school_question	2	check	-4.135417217553904	-4.136291462192951	-0.000874244639046784	-0.0010727945062868902	0.000198549867240106	94.73388441593947	98.97695194781332	12.603021784804852	0.00819854216811349	5.3414958226380715	5.5577356043041215	0.829893428581609
layer0_two	2	unrelated_school_question	3	school	-5.111540881197006	-5.109637087557246	0.00190379363976044	0.002021038370601177	-0.00011724473084073711	93.1636946943376	96.89350167172593	12.055223471079472	0.008241124109027961	5.333329871490003	5.560410260431597	0.821442848841222
layer0_two	2	unrelated_school_question	3	check	-4.7489926273920675	-4.751223375569568	-0.0022307481775005115	-0.0028869757120910658	0.0006562275345905544	95.48128947211268	99.60866520562573	12.414363535967514	0.008426193189493565	5.382288010439249	5.6153074373335805	0.8382831918885231
layer0_two	3	train_moon			-5.991163597760966	-5.883356845408987	0.10780675235198052	0.08253932579894656	0.02526742655303396	116.86135557506766	99.88199340771557	21.74787816876146	0.018817167051323237	5.82039158119517	4.461418181746553	1.6381612348215098
layer0_two	3	train_mars			-7.646218891433944	-7.641870729152954	0.004348162280989776	0.004792716880599241	-0.00044455459960946484	18.570845259550474	20.348512622928098	4.263559930706334	0.0006756819648842388	1.5713145136733946	1.604689444196643	0.27107695723098035
layer0_two	3	heldout_moon			-4.813543917724401	-4.758370917621593	0.05517300010280749	0.03736886475284764	0.01780413534995985	55.73302722704735	48.57178640373479	33.36682592521678	0.047128424647983266	5.139461670272282	4.102774413764698	1.4804504984919389
layer0_two	3	heldout_mars			-5.978369784094683	-5.938188700787857	0.04018108330682587	0.029477478532675818	0.010703604774150053	70.47532107196297	58.04781196070047	19.04556884911294	0.020014632650088272	4.757299936612771	3.4308596006902756	1.7002717786376702
layer0_two	3	neutral_library			-5.392944331959276	-5.3930157673979195	-7.14354386444706e-05	-0.0024887078919766997	0.002417272453332228	91.78919141638096	74.28342613240278	24.96316977409633	0.008524925861675754	4.474027872548568	3.586269780732171	1.5134274999420645
layer0_two	3	neutral_carpenter			-6.629378041436301	-6.631561836004448	-0.0021837945681468796	-0.0015204866680626045	-0.0006633079000842747	91.97027692648572	78.7245477855842	14.853834348737552	0.0021603741179096816	2.8182164535648426	2.4458048937420958	0.6092991384079625
layer0_two	3	neutral_rain			-4.808744140189037	-4.817999722324388	-0.009255582135350406	-0.006285110239202793	-0.002970471896147612	269.6133151019047	169.38443093329454	109.51051948121267	0.04767331262369395	7.076536164100605	4.824043717019743	2.5766724564798986
layer0_two	3	bme_original	1	school	-4.252978356089056	-4.253881249415902	-0.0009028933268458278	-0.0015108673900157328	0.0006079740631699047	106.44203488104637	106.85460780760909	18.723326379885833	0.006823557931753894	5.525413743639428	5.5996883632611345	1.0128151267655452
layer0_two	3	bme_original	1	check	-4.451773191558639	-4.450803898843355	0.0009692927152849593	0.0003441338705050126	0.0006251588447799464	105.94560788653644	106.31968313382374	18.52025728963761	0.006835195760436682	5.507677415469272	5.577006407135757	1.003722827737628
layer0_two	3	bme_original	2	school	-3.486855046011368	-3.4933082260669415	-0.006453180055572956	-0.007052343224277269	0.000599163168704312	103.979566842364	104.7060166925992	18.386448918485232	0.00690856191362611	5.4844885421614	5.538739218773361	1.0152056065376667
layer0_two	3	bme_original	2	check	-3.688871697628879	-3.6935179028247735	-0.004646205195894768	-0.005432960216109355	0.0007867550202145875	106.67696536313457	108.31430619027965	18.87108590294656	0.006920512618413506	5.50397301828506	5.562749136187148	1.0226493590157892
layer0_two	3	bme_original	3	school	-4.944481012909409	-4.941931145789304	0.002549867120106369	0.0022159439077673922	0.0003339232123389768	103.63868869169572	105.49869824546698	19.248439188182736	0.006837077725718289	5.481966050291565	5.5654450582109725	1.0129656033181036
layer0_two	3	bme_original	3	check	-4.317265261210736	-4.320810124306817	-0.0035448630960807155	-0.004445146464187216	0.0009002833681065002	105.05405607492774	106.90171596049493	19.28406391326035	0.006856603864992014	5.543502435608717	5.630399341848142	1.0215526823177195
layer0_two	3	bme_heldout	1	school	-4.235413421539952	-4.2415953368189365	-0.006181915278984213	-0.006906508198824168	0.0007245929198399551	146.5134006837242	153.62655162168153	74.29238962986626	0.2583699923368444	10.472793771800148	11.287251281094255	5.176502989533223
layer0_two	3	bme_heldout	1	check	-4.417894074066384	-4.424510760913786	-0.006616686847401685	-0.006533603296509622	-8.308355089206309e-05	145.9375767995637	153.03135827904896	74.31518063845856	0.2582229353978983	10.492393408116634	11.300284633299515	5.189453699858211
layer0_two	3	bme_heldout	2	school	-3.442463572716434	-3.4508340143857814	-0.008370441669347558	-0.00939515405117455	0.001024712381826991	144.7123423405348	152.0161375684577	74.2349071027735	0.2588906169538191	10.464126625793357	11.272304631450574	5.1808682695674255
layer0_two	3	bme_heldout	2	check	-3.6569770869909926	-3.6640368560162435	-0.007059769025250989	-0.007740500352611428	0.000680731327360438	145.0018951016881	152.3548089169965	74.29670690022269	0.25971072562773173	10.5317051632031	11.332177906557877	5.18648672305127
layer0_two	3	bme_heldout	3	school	-4.906795848791178	-4.903954669667754	0.0028411791234240133	0.0018925902236542134	0.0009485888997697996	144.3517342655554	153.5145231284656	74.78373244794219	0.26567520279416634	10.498911839591758	11.383234351678999	5.2189914047434875
layer0_two	3	bme_heldout	3	check	-4.3219013083757165	-4.324808964417178	-0.0029076560414615835	-0.0059958921636636	0.0030882361222020166	146.39354719603597	154.306747081652	75.86487557045368	0.2598520385051803	10.57039972221914	11.321347301599852	5.350238549207194
layer0_two	3	unrelated_school_question	1	school	-4.562172466689911	-4.563804205019605	-0.00163173832969367	-0.0018106200971209742	0.00017888176742730425	100.47405024153879	101.9217254040627	19.51572781024262	0.0064747787433939025	5.462081623391333	5.6049532850681265	1.0883391871393888
layer0_two	3	unrelated_school_question	1	check	-4.979559061426405	-4.977839735382369	0.0017193260440368913	0.0012857587277046974	0.0004335673163321943	100.25440085861148	101.6398144939556	19.498145584389285	0.006438380884780391	5.3911450095426865	5.52244908991137	1.0828894150488648
layer0_two	3	unrelated_school_question	2	school	-3.8448285907592656	-3.849665959491958	-0.004837368732691858	-0.005620423001389934	0.0007830542686980757	100.5556369565746	101.83989459776943	19.36661137074407	0.006716678755053502	5.399961195210082	5.521612971438067	1.092000612040209
layer0_two	3	unrelated_school_question	2	check	-4.136291462183768	-4.14146873501136	-0.005177272827592708	-0.006074235232772359	0.0008969624051796513	103.32820284704361	105.60725740594809	19.87693018296918	0.006736909378079084	5.4192283262429655	5.5476910041567935	1.1012649914300672
layer0_two	3	unrelated_school_question	3	school	-5.109637087561119	-5.108399029150745	0.001238058410373705	0.0013256783784489597	-8.761996807525451e-05	99.0952113332901	101.07409450346175	20.280911539775346	0.0064310562534264076	5.415069936774666	5.571757972693434	1.0962779352465868
layer0_two	3	unrelated_school_question	3	check	-4.751223375561381	-4.759695254880418	-0.008471879319037565	-0.009721814813741363	0.001249935494703798	100.65269522342963	102.97914128049918	19.782557150719565	0.006718468655315505	5.4685935283821525	5.618903467297533	1.0934246921117365
layer0_two	4	train_moon			-5.883356845379213	-5.623431447662834	0.25992539771637874	0.21978505046633146	0.04014034725004727	315.05061204297164	227.41861012960945	258.740228273263	0.18192721398902292	15.820854233539372	11.54587500560552	9.62442987958504
layer0_two	4	train_mars			-7.641870729176458	-7.642434465729053	-0.0005637365525945626	0.0030873543656060494	-0.003651090918200612	55.41145629044543	54.06355217174765	6.913634231653701	0.0031321896680904576	3.9464259447735652	3.680931473472576	0.5682150196488586
layer0_two	4	heldout_moon			-4.7583709176250215	-4.609623632830039	0.14874728479498195	0.1262216149452583	0.022525669849723665	284.85570543639676	137.15476767104852	195.9406861732948	0.10480030886956057	13.772628943056112	10.64394653699738	6.562384120412226
layer0_two	4	heldout_mars			-5.938188700846277	-5.860051865706841	0.07813683513943727	0.07180819025061179	0.006328644888825498	1164.5601690953208	142.49989212714365	1142.3807467354973	0.8782439644256735	26.41550726144061	11.170293995907493	23.020228522249493
layer0_two	4	neutral_library			-5.393015767446843	-5.377329885898102	0.01568588154874143	0.0125120191278129	0.00317386242092853	168.642833336978	151.8156188717016	39.42232200027777	0.0247714245131395	9.38170980733755	8.556170620744473	2.2608317032375793
layer0_two	4	neutral_carpenter			-6.631561835996718	-6.6390252545489	-0.007463418552182569	-0.005721748908964556	-0.0017416696432180126	142.53435809305145	129.1195542026031	22.114893483709494	0.012311777706923753	6.247906545833318	4.968123965081291	1.6774241341584444
layer0_two	4	neutral_rain			-4.81799972228469	-4.874195271380847	-0.056195549096156164	-0.025321562678052436	-0.03087398641810373	650.5526742308912	700.2376398484972	117.89932436670003	0.8798897332045563	17.0292144830875	16.814778941875804	8.004872828507335
layer0_two	4	bme_original	1	school	-4.253881249467989	-4.251342777536513	0.0025384719314762065	0.002851006472519287	-0.0003125345410430805	155.36628416135017	136.93019511384753	54.83159256021223	0.013153087957984508	8.141115106581067	7.299436097352059	2.4590867145061988
layer0_two	4	bme_original	1	check	-4.450803898842553	-4.4480187754151	0.002785123427453178	0.0029966409990325824	-0.00021151757157940413	153.32732257644432	135.2443142123082	54.39218219674153	0.013048359553705511	8.101279868595942	7.263778305942273	2.445520946000403
layer0_two	4	bme_original	2	school	-3.493308226123728	-3.496565354337868	-0.0032571282141396324	-0.004570360955127623	0.001313232740987991	149.26037744598804	130.9003496679971	54.615093221307625	0.013005108309757523	8.152444896083365	7.247133583990977	2.488973205647353
layer0_two	4	bme_original	2	check	-3.693517902856015	-3.6955032943345145	-0.0019853914785000525	-0.0033107262942061308	0.0013253348157060778	150.15672092422662	134.30730981543246	56.78007539017863	0.01303755668053023	8.186680838681946	7.288112284935441	2.509876909795445
layer0_two	4	bme_original	3	school	-4.941931145827151	-4.935059495078202	0.006871650748948005	0.007616867454425154	-0.0007452167054771493	150.48333255515485	138.95646918414823	58.98370672196816	0.013089963571131449	8.036500284477464	7.239570541819886	2.4685699142405624
layer0_two	4	bme_original	3	check	-4.320810124318393	-4.321717360622682	-0.0009072363042896362	-0.0015264668336227207	0.000619230529333085	154.09942416091687	142.82660960884093	59.242945380262086	0.013766302137827317	8.18463227654355	7.391636693053747	2.5013402593521814
layer0_two	4	bme_heldout	1	school	-4.2415953368869515	-4.2415511523835665	4.418450338434222e-05	-0.00824092026062989	0.008285104764014232	232.92567078366713	304.1341240084	235.1851305451215	2.3518250267435987	15.075818683106785	25.903123535599796	17.989257268367687
layer0_two	4	bme_heldout	1	check	-4.424510760937323	-4.426391573181613	-0.0018808122442899205	-0.014373889651866164	0.012493077407576244	232.37327362730812	303.39874281591324	235.37740743024378	2.3557331147384923	15.059923643700433	26.00195156134831	18.090375500169916
layer0_two	4	bme_heldout	2	school	-3.450834014458619	-3.4552654329525514	-0.004431418493932168	-0.009216249964165311	0.004784831470233144	228.5514790215834	303.0760248701668	235.52640908306043	2.3577923792221807	15.085773313509922	25.901291556387605	18.005820800947074
layer0_two	4	bme_heldout	2	check	-3.6640368560634	-3.6678489127665057	-0.003812056703105379	-0.009158570367042528	0.005346513663937148	229.02664082963938	303.70885249483314	236.5428632868338	2.359580615166609	15.107900024988192	26.035276332387724	18.169106343196137
layer0_two	4	bme_heldout	3	school	-4.9039546697150245	-4.897727439732097	0.006227229982927895	0.009092476248521735	-0.0028652462655938404	228.5510326716647	305.9431244774857	237.65050280419882	2.353695327842074	15.030221277196713	25.91992032409477	18.04682543056794
layer0_two	4	bme_heldout	3	check	-4.324808964429077	-4.312044708067371	0.012764256361707022	0.006539056437633619	0.006225199924073403	232.67312902145912	322.6084663248563	255.63048699809505	3.3736190537745783	15.399912089661822	27.301955580288073	19.38860204519101
layer0_two	4	unrelated_school_question	1	school	-4.563804205056479	-4.564029004003155	-0.00022479894667652817	-7.741984766890347e-05	-0.00014737909900762477	144.57977462462514	123.81897990515418	53.71711373183782	0.014115446422706644	7.760456681484217	7.027252272859534	2.3910886491928456
layer0_two	4	unrelated_school_question	1	check	-4.977839735394969	-4.974233169041915	0.0036065663530536964	0.0036255585602899794	-1.8992207236282748e-05	144.65670109767564	122.80913547944446	53.59424070941445	0.014071155564806844	7.697069573296161	6.920160991147605	2.371749674906143
layer0_two	4	unrelated_school_question	2	school	-3.8496659595293465	-3.8516640669125963	-0.001998107383250731	-0.004306401467515489	0.0023082940842647573	143.34056972236283	121.55852140867027	53.76320215611995	0.014019364687897549	7.771518522245435	6.937996342364417	2.420943761704059
layer0_two	4	unrelated_school_question	2	check	-4.141468735031939	-4.143412331032104	-0.0019435960001643903	-0.004473075071117095	0.002529479070952704	143.8926697673907	124.01645260197562	55.46387230330559	0.014034262533379823	7.801646342736813	6.968430432876567	2.440023789901419
layer0_two	4	unrelated_school_question	3	school	-5.108399029206681	-5.106233729500773	0.002165299705907948	0.0027079152826015944	-0.0005426155766936462	144.01851353770817	126.15027499579811	56.827907304120025	0.014127164105925204	7.659731797318953	6.945786451227031	2.412230835856559
layer0_two	4	unrelated_school_question	3	check	-4.7596952549025096	-4.762450135410895	-0.0027548805083843684	-0.007500233122771285	0.004745352614386916	143.45350231328175	127.98876213006807	60.02529090894266	0.020323426269889925	7.817163180379277	7.030860117477769	2.577025456649001
layer0_two	5	train_moon			-5.6234314478943315	-5.332354293714135	0.2910771541801964	0.4835793232829445	-0.19250216910274812	1093.4050388846224	833.5550766842407	598.9084222874083	12.99147330104435	43.1999232548112	38.00262949333376	39.090664120686135
layer0_two	5	train_mars			-7.642434465677262	-7.646309077250248	-0.003874611572986808	0.03813455184476963	-0.04200916341775644	215.63048357674825	147.88713485300323	89.58460120616007	0.06122736818560445	12.764406597759951	10.551109340123821	4.542753727092775
layer0_two	5	heldout_moon			-4.609623632758782	-4.640789214104058	-0.031165581345275733	0.11677665449100777	-0.1479422358362835	1597.7594656290976	723.7178584768766	918.8519978175424	0.4595524753143324	39.48285275439721	23.81787865621317	26.77720724737886
layer0_two	5	heldout_mars			-5.860051865636275	-5.903346375354183	-0.043294509717908235	-0.020926324267818867	-0.02236818545008937	1327.1828939832144	652.5016103607334	1175.021819843997	59.06322797808756	44.84652233966014	45.60922498863812	49.59493299679663
layer0_two	5	neutral_library			-5.3773298858956275	-5.392522368159435	-0.01519248226380807	0.029969762611180832	-0.0451622448749889	833.133652969915	263.73554213154165	700.6818909480181	0.6027741115852785	38.45114294859834	19.52004287714978	27.55451084774957
layer0_two	5	neutral_carpenter			-6.639025254550601	-6.666129851668996	-0.02710459711839504	-0.015143681089508856	-0.011960916028886189	894.6926008803255	608.0565291317957	324.9284035976672	0.17809102126522725	23.34793594444423	17.305151743568548	9.731435402108945
layer0_two	5	neutral_rain			-4.874195271291674	-5.09594109700483	-0.2217458257131565	-0.0890797725700178	-0.1326660531431387	859.6152910055965	601.0722711348556	675.4299689118741	1.0336157551780594	42.45726807829276	27.518268078932753	33.44826188484999
layer0_two	5	bme_original	1	school	-4.251342777546989	-4.242726339546801	0.00861643800018834	0.010064938933537718	-0.0014485009333493786	934.9056825883583	509.69321861534587	654.5121814325115	0.583596682527428	35.637692850076185	25.41424760949672	21.536522837585856
layer0_two	5	bme_original	1	check	-4.448018775399759	-4.4505709860717095	-0.0025522106719504498	-0.002922478706517947	0.0003702680345674979	935.6501417517618	510.0735089915349	654.3234866976857	0.5838563900366203	35.64004208728585	25.562396397114018	21.545483754356244
layer0_two	5	bme_original	2	school	-3.4965653543451256	-3.491823595345753	0.004741758999372789	-0.00044713407311728547	0.005188893072490074	935.2317742400311	506.95843674486815	655.0859408420871	0.7372946065341572	35.526589076350795	25.57982447417021	21.550613740351725
layer0_two	5	bme_original	2	check	-3.695503294326923	-3.690958995345977	0.004544298980945504	-0.001839610744085714	0.006383909725031217	935.5411149741309	506.83280188656636	655.1272924136047	0.7397598707599881	35.544147123153095	25.612009347089295	21.537280242267602
layer0_two	5	bme_original	3	school	-4.935059495077415	-4.932789614425721	0.0022698806516953086	0.0036286426940285656	-0.001358762042333258	934.7256913236315	518.5508001392263	656.5789812121195	0.5904264589936712	35.52312052364144	25.592499513917666	21.32726448487788
layer0_two	5	bme_original	3	check	-4.321717360649261	-4.332511381490752	-0.010794020841490913	-0.009811937968502668	-0.0009820828729882418	938.765457135309	526.1880353998281	656.6342761986764	0.5823502294289614	35.71340915397582	25.87071075243549	21.431700870520917
layer0_two	5	bme_heldout	1	school	-4.241551152399492	-4.23667301678608	0.004878135613412262	0.014942500276262956	-0.010064364662850694	896.2577471881734	741.0533459580431	524.3972266501883	15.727118052560456	36.515885716777696	40.94614188888746	29.238250527424764
layer0_two	5	bme_heldout	1	check	-4.426391573161363	-4.433807941085363	-0.007416367924000601	0.008662698609781038	-0.01607906653378164	897.1937139055482	743.3725942414393	524.7600845908387	15.754452923193755	36.50706310205496	40.927480351614065	29.263154443500934
layer0_two	5	bme_heldout	2	school	-3.455265432972135	-3.4468160551093834	0.008449377862751954	0.0012293951096374507	0.007219982753114502	896.565830624192	739.0230350327612	524.8732297247093	15.811463924630889	36.590306424582224	41.0381203940033	29.322537312660778
layer0_two	5	bme_heldout	2	check	-3.667848912769217	-3.6619010181588587	0.005947894610358649	-0.004034243359662884	0.009982137970021536	896.9371675923808	740.7300400095601	526.0879004770203	15.862753763362113	36.61798651376674	41.2034002473712	29.39954693000215
layer0_two	5	bme_heldout	3	school	-4.897727439735236	-4.900195864154876	-0.002468424419639336	-0.009585694718418804	0.007117270298779471	895.8079844707403	743.3071307850241	525.5873485012744	15.842248323986544	36.41244442621928	40.9569178347028	29.27014973392242
layer0_two	5	bme_heldout	3	check	-4.312044708136329	-4.29482392140888	0.01722078672745054	0.033258455154762175	-0.016037668427311635	942.1448671205764	763.9054819192067	584.7310703639804	15.866135461873005	42.95324319863338	42.38260871928325	36.71531291418006
layer0_two	5	unrelated_school_question	1	school	-4.564029004021502	-4.562090771686467	0.0019382323350352808	-0.0008693302676488576	0.0028075626026841383	934.9089985661996	506.2110409630199	651.6884199020349	0.5383726668189165	35.49331185927978	25.24467845976511	21.544424615963216
layer0_two	5	unrelated_school_question	1	check	-4.974233169040019	-4.976391156436744	-0.0021579873967249477	-0.004127084813896956	0.0019690974171720087	935.9958274998561	507.1655682088765	651.754362877685	0.5389467393750402	35.631469741353044	25.478559778064344	21.569828154819223
layer0_two	5	unrelated_school_question	2	school	-3.851664066924299	-3.855338566517691	-0.0036744995933928348	-0.006401055588587771	0.002726555995194935	936.5538881393563	507.24216513077414	652.8248591146867	0.6885234905635683	35.62530971122558	25.468611073869607	21.749137870369395
layer0_two	5	unrelated_school_question	2	check	-4.143412331043741	-4.147487632038798	-0.004075300995057393	-0.00828064757462028	0.004205346579562888	936.7252957056809	507.3773628079294	652.6988925968509	0.6917919945168243	35.63722603754099	25.51177468633281	21.711013944811217
layer0_two	5	unrelated_school_question	3	school	-5.106233729502457	-5.110156812132853	-0.003923082630396889	-0.007189219429576843	0.003266136799179953	935.5225184130948	513.668304081091	652.7144282204167	0.5381276629064708	35.42341031697108	25.315961718180798	21.537905261816416
layer0_two	5	unrelated_school_question	3	check	-4.762450135453526	-4.733331593443208	0.02911854201031853	0.002499697721539157	0.02661884428877937	993.685095865913	519.3273950343793	705.807150468543	0.574459542162628	41.70953255695692	26.220807611340696	29.537605308303906
layer0_two	6	train_moon			-5.332354289647543	-7.952604713347043	-2.6202504236994995	2.496429660662288	-5.1166800843617875	15398.269590020325	7975.970458715918	13427.103322298384	1107.1038473498934	147.44247485496342	255.21188860736973	263.9405151763685
layer0_two	6	train_mars			-7.646309077625174	-7.772681576788666	-0.12637249916349208	-0.04071955142510415	-0.08565294773838791	891.6297993442283	577.0897249104014	754.4785394477369	0.2938448261513842	38.77489101070378	29.50794972316303	29.987216517880423
layer0_two	6	heldout_moon			-4.640789216182026	-7.698436225165776	-3.05764700898375	-0.7527318199162717	-2.304915189067479	19017.0486694763	8261.457464333896	14743.98595162273	2413.3857194016073	176.1425740713512	275.45790140105856	288.8785105534475
layer0_two	6	heldout_mars			-5.90334637595538	-8.978916516268281	-3.075570140312903	-0.14673184542556278	-2.9288382948873397	24471.195430838445	7048.357506775903	19719.680890604068	1634.6929673965913	210.59016662126066	233.15699865670672	268.64631248430896
layer0_two	6	neutral_library			-5.392522370052005	-8.830106904318216	-3.437584534266212	-1.0645403853267474	-2.373044148939465	24987.627179733	8492.040941621717	19558.067659736753	3406.6854023598216	262.5182760313559	389.7455160048589	412.40603353751595
layer0_two	6	neutral_carpenter			-6.666129851777764	-8.484221664802332	-1.818091813024569	-0.021051868697253676	-1.797039944327315	9294.11892154488	3518.317785402891	6254.373221041453	54.109221431222146	150.30160634245658	91.1345339349701	159.24909829687311
layer0_two	6	neutral_rain			-5.09594109856719	-6.554657716882327	-1.4587166183151368	-0.8255985090389613	-0.6331181092761755	21159.86977253663	6634.445114022319	17272.92366995707	1093.9401896616532	195.1235287647666	254.9366593327008	299.1914133949114
layer0_two	6	bme_original	1	school	-4.242726339524976	-4.226225665936865	0.016500673588110495	0.027170461006618796	-0.010669787418508294	23880.47597948163	7586.821439846856	18118.71197022471	877.5842795149023	285.80390157411426	220.0093100063703	311.8419899935744
layer0_two	6	bme_original	1	check	-4.450570986095122	-4.442822726102277	0.007748259992845307	0.03561064636457762	-0.027862386371732304	23879.69060515101	7585.434472359635	18118.478249037784	877.5580049430556	285.7043303153085	219.5609364974337	311.7260112605248
layer0_two	6	bme_original	2	school	-3.491823595341907	-3.4440550316249507	0.047768563716955544	0.03720100073171693	0.010567562985238622	23880.835670355973	7581.826523459332	18119.573975488453	877.4984414767529	286.06960311244234	218.0044009242108	311.0762410964261
layer0_two	6	bme_original	2	check	-3.690958995300043	-3.6365402326285974	0.05441876267144552	0.03335384520774643	0.021064917463699095	23882.214499331218	7582.5132654074905	18120.332351938374	877.494140493938	286.1421284744788	218.0273253958879	311.11763900948995
layer0_two	6	bme_original	3	school	-4.932789614784153	-4.97974364925484	-0.04695403447068705	-0.03990022741790352	-0.007053807052783526	23879.891570383894	7581.420308872815	18119.072238807057	877.4648017135877	285.681173871066	217.90001460783097	311.0517542702538
layer0_two	6	bme_original	3	check	-4.3325113814114	-4.298289664862117	0.03422171654928281	-0.02670109944822757	0.06092281599751037	23882.00369675977	7582.767468996547	18120.848109946128	877.4683151689056	285.92979853603737	218.28518711811836	311.2009641609887
layer0_two	6	bme_heldout	1	school	-4.236673016794508	-4.232862376674204	0.0038106401203041786	0.018166623874359685	-0.014355983754055505	24050.719341897122	4939.538829834041	20649.251933602183	1164.811414159955	281.25765323002395	211.4992712867072	316.25263014841556
layer0_two	6	bme_heldout	1	check	-4.433807941142427	-4.448543109546785	-0.014735168404358677	-0.0009253325617684191	-0.013809835842590252	24050.774222089265	4939.205438213373	20649.328707478035	1164.8142993398305	281.29210569012025	211.48883276345578	316.25513377950637
layer0_two	6	bme_heldout	2	school	-3.4468160550889344	-3.395879419447352	0.050936635641582635	0.039806241972653394	0.011130393668929248	24052.33027213626	4939.149197195705	20651.21841472013	1164.8156543241541	281.57553438995257	211.52655387606347	316.28214279658215
layer0_two	6	bme_heldout	2	check	-3.661901018070533	-3.5971543214297794	0.0647466966407538	0.04049425086589356	0.02425244577486024	24053.326774842113	4939.802799194129	20651.75730836387	1164.809390675683	281.6417131135713	211.53635987361076	316.32846181327074
layer0_two	6	bme_heldout	3	school	-4.900195864457352	-4.930515971341856	-0.030320106884502058	-0.04384618376075489	0.013526076876252825	24051.196995410774	4938.025551440099	20649.934820638733	1164.7656618908393	281.2309725654585	211.38363124843846	316.2061200370403
layer0_two	6	bme_heldout	3	check	-4.294823921843067	-4.2841830663808675	0.01064085546219958	-0.11165955734648716	0.12230041280868677	24055.35765086761	5125.6398644463125	20676.301325409135	1165.0136485780479	282.0664566979425	218.97534702622144	319.9034880996931
layer0_two	6	unrelated_school_question	1	school	-4.562090771553241	-4.53513811258003	0.026952658973210843	0.028590273537738072	-0.0016376145645272207	23878.593346097008	7582.328075559874	18118.88266403488	877.4746150103847	285.42099843805084	218.62669389275652	311.30392513264223
layer0_two	6	unrelated_school_question	1	check	-4.976391156346678	-4.96591154222879	0.01047961411788738	0.017714433306054475	-0.0072348191881670965	23878.478040435013	7583.387489743768	18118.995707493956	877.4733506880457	285.3813483476883	218.7512880921692	311.37120698893597
layer0_two	6	unrelated_school_question	2	school	-3.855338566293509	-3.8225535809605664	0.03278498533294324	-0.013088430351812883	0.04587341568475612	23879.873910926668	7584.226687574627	18119.988492832512	877.4705674852348	285.6038163290996	219.05292048113623	311.4524150819593
layer0_two	6	unrelated_school_question	2	check	-4.147487631825041	-4.1092601886990705	0.038227443125970734	-0.008402208884134583	0.046629652010105306	23880.91705476256	7584.84930241798	18120.48236054865	877.4643562400294	285.67069488139805	219.0688636848968	311.4928044219015
layer0_two	6	unrelated_school_question	3	school	-5.110156812228499	-5.096612340458857	0.013544471769642288	-0.028407888165442458	0.04195235993508475	23878.827682896954	7581.935584268783	18119.47176696244	877.4626749469641	285.3351429209487	218.4051327710182	311.23096129504864
layer0_two	6	unrelated_school_question	3	check	-4.73333159366046	-4.747653325744614	-0.014321732084155674	-0.10600377765786141	0.09168204557370573	23882.50260236086	7597.209546602316	18122.010220944478	877.5701017765953	286.2178115958216	223.16846957906364	314.13853454249306
layer0_two	7	train_moon			-7.952604711663753	-4.456205977315255	3.496398734348496	6.269625784892642	-2.773227050544146	5713.73469869755	11684.926333805515	6392.537766943453	15.577269553330002	100.28302725035725	114.09611465447716	59.12099437405738
layer0_two	7	train_mars			-7.772681575181619	-7.913383881447068	-0.14070230626544805	0.6036728578133539	-0.7443751640788019	1429.7293994492343	3363.460833919592	2496.2477930615883	279.29910136134345	48.220060833284236	168.74635353813525	160.35136606518546
layer0_two	7	heldout_moon			-7.698436217163372	-5.303333166553563	2.39510305060981	5.299884400157115	-2.904781349547306	6656.249732348526	13442.835071144462	7321.108841504898	35.11694304725174	122.78893917418024	135.49556783583193	67.9033756920586
layer0_two	7	heldout_mars			-8.978916509863238	-5.938692264850914	3.0402242450123245	6.31740417773755	-3.2771799327252262	9781.609951741983	15946.750024185585	7122.06837355032	26.495051436915492	129.95044828906757	142.51370708097858	70.82291894028648
layer0_two	7	neutral_library			-8.830106901710769	-7.4165997282683955	1.4135071734423745	1.606320135341539	-0.1928129618991648	8632.458493992668	12833.596015799767	6846.536144731736	26.8194836864433	185.7758139485612	152.21453479920459	125.45160662179403
layer0_two	7	neutral_carpenter			-8.484221663619135	-7.522990914977415	0.9612307486417194	0.2090360853058824	0.7521946633358371	5019.355459634222	5071.946078711932	6110.158041936632	30.589309335267025	126.96053431506499	104.3097512212163	127.34553538001013
layer0_two	7	neutral_rain			-6.554657714257924	-5.424849378889	1.1298083353689234	1.958022304782679	-0.8282139694137561	8820.936510709844	13320.582616288506	7025.0274617194245	118.10616752321528	149.36645046757332	189.91186230583475	158.5167973389313
layer0_two	7	bme_original	1	school	-4.2262256656260835	-4.2182358630118735	0.007989802614210673	-0.011198382411667608	0.019188185025878286	7354.334990928399	9024.014021993456	1992.921532494014	7.622076179959588	96.18236088693092	101.98767860435532	46.25205692327445
layer0_two	7	bme_original	1	check	-4.442822726369299	-4.431275971122847	0.011546755246451715	0.010322255744082002	0.0012244995023697127	7354.597778844742	9022.268382458393	1993.9677942193714	7.635605375058034	95.93906569434574	102.13481282071696	46.52989073120769
layer0_two	7	bme_original	2	school	-3.4440550328988544	-3.4822315574786713	-0.03817652457981657	0.03965193803616804	-0.07782846261598463	7378.723273682304	9030.867022046445	2075.786688283156	8.074656141687925	107.68842543058041	107.21671965106499	59.28416301292739
layer0_two	7	bme_original	2	check	-3.6365402336115236	-3.686396629391236	-0.049856395779712716	0.03407851567527262	-0.0839349114549853	7386.702068984462	9033.909025235065	2081.826100125427	8.176148038572242	108.09078918914132	107.80017838544052	59.515029265258185
layer0_two	7	bme_original	3	school	-4.979743648779522	-5.004395260301608	-0.024651611522086586	-0.0034905853581075666	-0.02116102616397902	7351.058116534293	9020.09391793906	1994.66292073724	7.641561439123601	95.47053564498765	101.47389360172558	46.366395913465134
layer0_two	7	bme_original	3	check	-4.29828966546989	-4.285013436113405	0.013276229356484485	-0.027403128832708342	0.04067935818919282	7352.694782666601	9024.79656393453	2015.1182940418707	7.71426386295934	95.69893153653497	102.57199189672082	48.67046709041071
layer0_two	7	bme_heldout	1	school	-4.232862376431702	-4.203712549066932	0.029149827364770547	0.020838525420663428	0.00831130194410712	8275.692754734531	10078.318184382548	2358.8307239659116	4.7219533672995055	105.38575291127982	110.59754999467086	44.84245031351177
layer0_two	7	bme_heldout	1	check	-4.448543109370088	-4.415557679897094	0.032985429472993606	0.0377059735080603	-0.004720544035066688	8274.83225905274	10076.626083376641	2359.2205559514605	4.773506705964578	105.35876562400222	110.41842220982906	44.680050875094054
layer0_two	7	bme_heldout	2	school	-3.3958794201198317	-3.4438840412702554	-0.048004621150422845	0.03987358697644233	-0.08787820812686516	8300.511543512606	10086.145460990747	2438.5429145711128	4.813927494543837	116.1982865036982	114.5221364868839	55.68954919593532
layer0_two	7	bme_heldout	2	check	-3.597154322047681	-3.649273485717493	-0.05211916366981077	0.04155690109400826	-0.09367606476381904	8309.088237291764	10088.79090094977	2444.1336657090724	5.156647260067682	116.64425737485129	115.08770582449729	56.266433079391
layer0_two	7	bme_heldout	3	school	-4.930515971026864	-4.944829602289778	-0.014313631262913462	0.009716833568107739	-0.0240304648310212	8274.470185866303	10076.386552376582	2358.4786785971037	4.715913630578797	104.75234540204546	109.7443908287153	43.93062571051529
layer0_two	7	bme_heldout	3	check	-4.284183067029181	-4.248854140270276	0.03532892675890687	0.052255483633856174	-0.0169265568749493	8294.55571718839	10168.382465474058	2521.221295672159	85.57071628378675	108.47439506488813	119.20743364624026	64.40349389011524
layer0_two	7	unrelated_school_question	1	school	-4.535138112696785	-4.525549222880746	0.009588889816038667	0.009837325985093527	-0.000248436169054856	7351.3085306256335	9017.77494314104	1982.5477229176556	4.33260648782039	96.41293699366389	99.26414495488467	42.19744160192166
layer0_two	7	unrelated_school_question	1	check	-4.965911542205378	-4.929436669545232	0.03647487266014609	0.01090708643571859	0.0255677862244275	7351.223835984366	9017.56943810847	1983.675427351199	4.335212190486083	96.29351150729627	99.12151615169267	42.439021629130444
layer0_two	7	unrelated_school_question	2	school	-3.822553582214448	-3.936963101811384	-0.11440951959693642	0.02961719954509362	-0.14402671914203005	7378.784058733801	9025.174112494757	2050.9491986599905	4.31183311786892	106.8377191678814	103.2047958168344	52.88018365287763
layer0_two	7	unrelated_school_question	2	check	-4.1092601899270615	-4.215455810122448	-0.10619562019538732	0.03576877186484259	-0.14196439206022993	7387.280780400895	9027.116674579303	2058.7135612316833	4.384498206146446	107.37008127135991	103.63297561419559	53.17357228536052
layer0_two	7	unrelated_school_question	3	school	-5.096612340590728	-5.123144202552699	-0.02653186196197062	0.01051773542999133	-0.03704959739196195	7351.781141194039	9015.728897256911	1981.12473949634	4.171330107301137	95.964570961512	98.571061763724	42.02181417280069
layer0_two	7	unrelated_school_question	3	check	-4.747653327178319	-4.68322770653578	0.06442562064254002	0.17239828626889409	-0.10797266562635408	7363.616165354103	9082.491831455507	2163.968856480631	18.96475456642431	99.12820336297864	114.75053462637885	70.21350592251048
layer0_two	8	train_moon			-4.456205964841598	-3.279629835474735	1.1765761293668633	2.388603522242351	-1.2120273928754877	8149.297259686124	4981.974942589284	3821.7021874887564	62.555313440462534	100.59430710823943	93.68766970010108	62.187033971464935
layer0_two	8	train_mars			-7.913383881302357	-7.664731870008268	0.24865201129408776	0.7219647919475783	-0.4733127806534907	844.3291435848539	2308.6478399463	2000.9924468034503	9.30742715793771	49.88861111708245	69.35566419477172	60.31864377297474
layer0_two	8	heldout_moon			-5.303333155215452	-4.533666626055938	0.7696665291595132	1.8285269272280056	-1.0588603980684923	8012.682207409061	5985.510602806624	3100.8249035260806	17.426376857755127	98.1423015676441	94.87456543635842	60.53334725612678
layer0_two	8	heldout_mars			-5.9386922499760875	-6.056671220790845	-0.11797897081475688	0.5645497738835834	-0.6825287446983402	6162.820501051884	4268.767897989097	3143.4170459709326	23.123375588078172	95.47714885744375	93.71830653314586	66.02092688138382
layer0_two	8	neutral_library			-7.416599721843951	-6.95391575914534	0.4626839626986109	0.5741256423327414	-0.11144167963413054	6078.163094097367	6007.578133968424	3504.3793208822617	34.387999392703684	136.16483871110378	153.38008147159988	93.99019573019832
layer0_two	8	neutral_carpenter			-7.5229909229866525	-6.800973279300359	0.7220176436862938	-0.8077342716163932	1.529751915302687	8628.022290971281	34619.752101508035	42426.82688182624	179.9516969065375	127.40361533023655	246.70314604315936	298.2416146514003
layer0_two	8	neutral_rain			-5.424849377709494	-5.326606696269266	0.09824268144022803	0.5901459697616568	-0.4919032883214289	4148.273727959511	5157.202231497782	3236.688082767809	35.15609105950691	134.83596654857155	119.89407287174458	108.34954137901522
layer0_two	8	bme_original	1	school	-4.218235862728504	-4.26677208654042	-0.04853622381191644	-0.04586367326082625	-0.002672550551090199	16808.79377175924	2312.0548523394586	15674.913144095643	28.883213242075232	266.64644391747834	94.52616091001155	253.55383490311138
layer0_two	8	bme_original	1	check	-4.4312759704093745	-4.48291368613912	-0.051637715729745105	-0.02612051478067286	-0.025517200949072248	16808.236136702137	2307.3365600170973	15674.188202484933	28.883122830376873	266.68730210884024	94.38770037727775	253.54364989490108
layer0_two	8	bme_original	2	school	-3.482231553607338	-3.571945296008666	-0.08971374240132846	-0.020109661272007816	-0.06960408112932064	16834.907249562257	2392.5078360933003	15679.252579312066	28.89508206624168	267.9908114204063	97.62104179041818	253.69543552174758
layer0_two	8	bme_original	2	check	-3.686396625042726	-3.872771834701417	-0.18637520965869078	-0.07903117826806831	-0.10734403139062246	16844.39770382466	2458.6551678805395	15679.14909523254	28.889291351315958	268.21333501749467	97.69718865407336	253.70438468284922
layer0_two	8	bme_original	3	school	-5.0043952597827	-4.99702644848115	0.00736881130155026	-0.02631435344867307	0.03368316475022332	16809.385727136923	2336.6732089000893	15673.775692111956	28.881680063969768	266.3396072976578	93.70112968876354	253.32540233560374
layer0_two	8	bme_original	3	check	-4.285013435949952	-4.396346125974471	-0.111332690024519	-0.05252363977750704	-0.05880905024701196	16811.906982861605	2348.677305784009	15675.632665002058	28.882237216390514	266.658533746743	94.45515522653389	253.4450669098452
layer0_two	8	bme_heldout	1	school	-4.203712548695339	-4.249658252476125	-0.04594570378078562	-0.04001434634650385	-0.005931357434281784	15873.621764263156	3528.0204879918615	14104.06652569914	27.442724869149515	247.59046146643743	93.9623457527326	228.9126271306125
layer0_two	8	bme_heldout	1	check	-4.415557679138659	-4.470602784188439	-0.05504510504978065	-0.02671485701198847	-0.02833024803779218	15874.615212663297	3528.0890504121535	14104.345731819525	27.438122400464046	247.52170664413546	93.72185582723053	228.92761387598742
layer0_two	8	bme_heldout	2	school	-3.443884037708429	-3.6104483268117806	-0.1665642891033512	-0.09056498539601253	-0.07599930370733862	15898.715385473452	3575.8270265264377	14108.737867683258	27.44310537937215	248.9512549010288	96.84700516605997	229.03389898260974
layer0_two	8	bme_heldout	2	check	-3.649273481584925	-3.901110904381068	-0.2518374227961431	-0.1404047760466589	-0.11143264674948418	15907.570553948062	3614.1188009108487	14108.666260978654	27.442726548174136	249.1755442514723	96.98234980002121	229.0752191120227
layer0_two	8	bme_heldout	3	school	-4.944829602173779	-4.980331417064364	-0.03550181489058533	-0.05119225861813523	0.015690443727549904	15876.921972008653	3543.9650926681097	14103.950152624735	27.437126644708655	247.39835130809882	93.05577720279697	228.87668827902056
layer0_two	8	bme_heldout	3	check	-4.248854140047196	-4.362466627500549	-0.11361248745335309	-0.054350160670631024	-0.05926232678272207	15880.49959192763	3558.8853047955827	14105.757063656934	27.45293013496554	248.49011097926206	94.14705421433098	229.9691289752271
layer0_two	8	unrelated_school_question	1	school	-4.525549222935171	-4.557560232737523	-0.032011009802350845	-0.012633190557733051	-0.019377819244617796	16804.269791816	2247.899976326883	15670.081678299875	28.86252272480802	266.2355036131977	93.51890328497961	253.24670079744135
layer0_two	8	unrelated_school_question	1	check	-4.929436668640468	-4.976819726246893	-0.04738305760642328	-0.008624802219846704	-0.038758255386576575	16805.217449918302	2240.6908914819714	15670.607990876082	28.859592277287547	266.2700136247109	93.17003265460482	253.2645749326301
layer0_two	8	unrelated_school_question	2	school	-3.936963097724919	-3.9968995060542176	-0.05993640832929851	0.030459580381991258	-0.09039598871128977	16827.01971645317	2311.3470054541654	15674.53385275809	28.86313977923508	267.33410960980643	95.83454166835244	253.22517240055492
layer0_two	8	unrelated_school_question	2	check	-4.215455804801051	-4.364142094053038	-0.1486862892519871	-0.029741562690642185	-0.1189447265613449	16835.449422734975	2371.085973587358	15674.609304814045	28.863883226280155	267.5147287918645	96.1355676417417	253.28029593212602
layer0_two	8	unrelated_school_question	3	school	-5.123144202183325	-5.123514761713385	-0.00037055953005967385	-0.00429274813904144	0.003922188608981768	16809.26245979896	2265.762772755275	15670.548729928534	28.85928357283619	266.06907923221684	92.65722977193971	253.07247101702345
layer0_two	8	unrelated_school_question	3	check	-4.683227706156855	-4.737733124856166	-0.054505418699310984	-0.017029874370886343	-0.037475544328424634	16813.174354492752	2282.692352000514	15672.571818156266	28.858627758859313	267.01956216156066	93.33793896690683	253.83618815652514
layer2_two	1	train_moon			-6.054310648990556	-5.962862390660161	0.09144825833039452	0.09465114314972431	-0.003202884819329799	36.709089928173576	36.53623740609525	2.3182377536256626	0.0009757556124923137	2.822797790139798	2.795201701853618	0.16277085395323085
layer2_two	1	train_mars			-7.690931174917135	-7.668108237361149	0.022822937555985412	0.02292431077033029	-0.00010137321434487631	25.84545701327169	25.39232557052151	0.529084759971225	5.69967599340385e-05	0.9809540833334042	0.9756978381043382	0.012987658045843611
layer2_two	1	heldout_moon			-4.844955098924322	-4.8001612905300135	0.04479380839430833	0.04492087229170804	-0.0001270638973997115	42.24045464718649	42.18553920988415	1.4916279691271734	0.0003718338186989347	1.9365427004134697	1.9565863278531836	0.07503110896770201
layer2_two	1	heldout_mars			-5.992972437423482	-5.956701967613822	0.03627046980966094	0.03691574540704242	-0.0006452755973814785	50.9827115087617	48.88155743721191	3.2531205884038283	0.0005959260855051113	2.6772541235542646	2.646102547125302	0.10895865642105143
layer2_two	1	neutral_library			-5.394930345087448	-5.396922804714031	-0.0019924596265831684	-0.0020736096155264407	8.114998894327237e-05	67.91741529874922	67.06802219632772	2.8542189676150467	0.0007886978058792387	2.851027701195663	2.8655234822369384	0.1275445648910434
layer2_two	1	neutral_carpenter			-6.6300027774968	-6.631700800882698	-0.001698023385898247	-0.0015919362943959787	-0.00010608709150226849	52.95326462375659	53.26958059124662	1.5504754816428916	0.00026146486110118427	3.1035814160081876	3.1041961923279997	0.09080028970425867
layer2_two	1	neutral_rain			-4.805121602523071	-4.827949698728429	-0.022828096205357702	-0.02208695445904696	-0.0007411417463107473	133.69374028169568	139.52986105242672	7.552200167978589	0.0016940339266717525	4.3667525548888255	4.407392647622723	0.2089798614291151
layer2_two	1	bme_original	1	school	-4.248242936756464	-4.240823762687649	0.007419174068814868	0.007577332656620621	-0.00015815858780575298	89.3810010032921	89.9362098784727	3.1556475890910813	0.00046276326638843387	4.69241373780777	4.697691216992681	0.22073959831780696
layer2_two	1	bme_original	1	check	-4.453651017016581	-4.453672132165862	-2.111514928172904e-05	0.0003306093406701434	-0.0003517244899518734	95.37879847844573	95.41827664594742	3.7784623130153467	0.0004916207895325144	4.980814493177976	4.989142365884892	0.2267742834341572
layer2_two	1	bme_original	2	school	-3.4873001148986837	-3.4837114705510923	0.0035886443475913695	0.0039293102550914385	-0.0003406659075000681	95.0387560672405	95.85838891634442	3.259759715105874	0.0005053295662970034	4.803552724593469	4.8100758485014525	0.2201557656427746
layer2_two	1	bme_original	2	check	-3.68745475431158	-3.6843940749299495	0.003060679381630994	0.003333311956818061	-0.00027263257518706673	96.31267668041018	97.15500448357587	3.266756125657053	0.0005047308371542044	4.816245062312265	4.821734207908299	0.22010182614788662
layer2_two	1	bme_original	3	school	-4.953211033610465	-4.950611383022825	0.002599650587639097	0.002656056089023686	-5.6405501384589486e-05	94.11279075914955	94.46664948206609	3.2524934309127222	0.0004647792504161448	4.881774620040071	4.883084423741359	0.2221978331931765
layer2_two	1	bme_original	3	check	-4.318126708937165	-4.316674203011042	0.0014525059261239425	0.0019623083952667263	-0.0005098024691427836	99.80152735957493	100.2691208068794	3.4933565557720114	0.0006094117652244992	5.226565861544206	5.2542411583465425	0.25487842130556193
layer2_two	1	bme_heldout	1	school	-4.227712482036846	-4.220941163564948	0.006771318471898933	0.006949707635443569	-0.000178389163544637	90.85908400679979	91.30644633612198	5.36761871652271	0.001971879762324579	4.835788033301465	4.850810773175876	0.24888845983023472
layer2_two	1	bme_heldout	1	check	-4.415279389569733	-4.416107356932341	-0.0008279673626073394	-0.00046636525475518873	-0.00036160210785215113	96.08811014233227	96.13163760437718	5.744572977634014	0.0019736342232919038	5.0987045937824025	5.116161992213514	0.2536970556161387
layer2_two	1	bme_heldout	2	school	-3.44005253562686	-3.435649847604873	0.004402688021986879	0.0048335191761910805	-0.0004308311542042024	95.38759076282435	96.10835599129001	5.413552833025197	0.001981982513432546	4.968934827030328	4.987193134597197	0.250715507234279
layer2_two	1	bme_heldout	2	check	-3.653608461855005	-3.649840476929369	0.0037679849256355338	0.00410435203400319	-0.0003363671083676566	97.16274234413814	97.89577421340016	5.416330008977996	0.0019820531227593657	4.988963325557205	5.006742250981112	0.2506851974198648
layer2_two	1	bme_heldout	3	school	-4.914247234775304	-4.912333687827911	0.0019135469473918476	0.0019401419224387361	-2.6594975046888725e-05	93.69229574144704	94.0374702311654	5.403492953437539	0.0019676711129775607	5.011190309460063	5.02412497824626	0.24994341139620543
layer2_two	1	bme_heldout	3	check	-4.316916350262312	-4.316542690384044	0.000373659878266643	0.0008021065766216684	-0.0004284466983550253	101.11652867756561	101.47145798410867	5.596338016893023	0.0019832842290224287	5.385363526940407	5.414686196990559	0.28806899725249496
layer2_two	1	unrelated_school_question	1	school	-4.558654148190906	-4.550420852165917	0.008233296024989022	0.008390138883709068	-0.00015684285872004546	87.57198553234164	88.18994027308963	3.1622957301453694	0.000771886469942967	4.823547343967449	4.82787109123854	0.2209116399166992
layer2_two	1	unrelated_school_question	1	check	-4.982556923820014	-4.979534124072448	0.003022799747565817	0.003431886672041106	-0.00040908692447528947	88.99981636243213	89.36382371015075	3.686671739327192	0.0008275490814752925	5.029114132763137	5.041649165039179	0.2324441101742219
layer2_two	1	unrelated_school_question	2	school	-3.843679445257395	-3.840443716468211	0.0032357287891837407	0.003508284532684817	-0.0002725557435010763	91.36885178921523	92.36276269866642	3.2912999660122697	0.0007732430835143011	4.908004544973641	4.915634705420294	0.22140494065989114
layer2_two	1	unrelated_school_question	2	check	-4.134879207313781	-4.131758976802113	0.0031202305116683387	0.003363574960521573	-0.0002433444488532346	94.38168794583075	95.41540007081261	3.303317819493243	0.0007733084596549598	4.932053961478526	4.939579113945272	0.22139586920759705
layer2_two	1	unrelated_school_question	3	school	-5.113978925729231	-5.1089828023059285	0.0049961234233025335	0.004958150812452793	3.7972610849739906e-05	88.52768112479134	89.13310323103502	3.167137716381087	0.0007718330536317324	4.934295163147211	4.936330776634419	0.22085248520451972
layer2_two	1	unrelated_school_question	3	check	-4.745950777227802	-4.743644045082415	0.0023067321453874292	0.002796947953987259	-0.00049021580859983	93.39673092762376	93.95854912666205	3.2404734763877094	0.0007790433358349707	5.232982982108069	5.248700001071954	0.23368954992300212
layer2_two	2	train_moon			-5.962862390660161	-5.678976491784345	0.28388589887581644	0.20909194028618092	0.0747939585896355	152.21041346035625	90.7825604994488	63.763988478259606	0.03265191715098066	9.480616289356186	6.33912840853812	3.448736369059047
layer2_two	2	train_mars			-7.668108237361149	-7.504340480017812	0.16376775734333773	0.09266216771730232	0.07110558962603541	117.86034902530446	68.31973283152243	50.12395573461767	0.008380067736030205	4.653110675085203	2.7249811459108892	1.9691843457591929
layer2_two	2	heldout_moon			-4.8001612905300135	-4.634076989954952	0.1660843005750616	0.10624189436593362	0.059842406209127987	145.54171505764657	91.43227338927858	55.2822502472589	0.01833975831665249	6.34271337699032	4.125892595425933	2.2916668066928945
layer2_two	2	heldout_mars			-5.956701967613822	-5.824320947370098	0.13238102024372345	0.08780526377924032	0.044575756464483134	164.12916480944298	97.1825153383268	68.54351857294621	0.026933519243709878	8.113674583756165	5.122625544621742	3.116020278035776
layer2_two	2	neutral_library			-5.396922804714031	-5.404428224829183	-0.007505420115152103	-0.00517222686843163	-0.0023331932467204725	172.7848588817161	112.61049763589878	64.51549156568842	0.024713984959009856	8.786385014893838	5.60941917200124	3.399482452785899
layer2_two	2	neutral_carpenter			-6.631700800882698	-6.647048682732252	-0.015347881849553808	-0.0074039036359462105	-0.007943978213607601	167.11821929867614	106.59575480872445	66.25107862414968	0.02104633824347766	9.658458729393566	6.268662425249929	3.5150428252182913
layer2_two	2	neutral_rain			-4.827949698728429	-4.877083769709325	-0.04913407098089547	-0.03455021678849091	-0.014583854192404566	271.3395574125775	207.02958314555062	72.64457167542193	0.03712830628780026	11.019500301440084	7.4628909136152375	3.8464882578795
layer2_two	2	bme_original	1	school	-4.240823762687649	-4.2349660835956024	0.005857679092046316	0.006651052713763195	-0.0007933736217168794	221.78517846958093	131.50146841261193	101.62112002978996	0.01811869084742181	10.73911737705118	6.221416171882699	5.349591912417688
layer2_two	2	bme_original	1	check	-4.453672132165862	-4.456119396069607	-0.002447263903744804	-0.000798815145723662	-0.0016484487580211416	227.07070017792412	137.42081741278074	101.91216987129918	0.01804487082144428	10.944448330765361	6.479216849514873	5.360055807869586
layer2_two	2	bme_original	2	school	-3.4837114705510923	-3.4696748144661718	0.014036656084920843	0.009243074666410177	0.004793581418510666	229.78576797296992	139.78771583509146	102.22171292155517	0.017153549894372275	11.016078617048848	6.447126046304775	5.408358610882283
layer2_two	2	bme_original	2	check	-3.6843940749299495	-3.6717820705286752	0.012612004401273545	0.008270255404112315	0.004341748997161231	234.07642772944607	143.21318767812878	102.96483843915587	0.017159903393569955	11.143666455910592	6.525702405963965	5.45006540085223
layer2_two	2	bme_original	3	school	-4.950611383022825	-4.945753827182121	0.004857555840705209	0.004023029969072848	0.0008345258716323609	234.80414928714313	141.5081410104741	104.46732621905072	0.01758535181107415	11.33458717815868	6.693920959509234	5.465605043169165
layer2_two	2	bme_original	3	check	-4.316674203011042	-4.306497053718289	0.010177149292752574	0.006721499572853211	0.003455649719899363	247.78628118679381	151.5399982579955	107.54701734506641	0.0182533214427608	12.0288856312653	7.2804334218257125	5.6143050779254
layer2_two	2	bme_heldout	1	school	-4.220941163564948	-4.216272545660661	0.004668617904286779	0.005766362951001654	-0.0010977450467148755	223.6247789706244	141.43519466684745	91.85824487777619	0.015493456283965801	11.883122532552044	7.346354644847775	5.203604279884459
layer2_two	2	bme_heldout	1	check	-4.416107356932341	-4.420322903521886	-0.004215546589546004	-0.0020180791281521845	-0.002197467461393819	228.41151977324398	146.48154382774675	92.08867384121673	0.015313580308564948	12.074347005108267	7.56217849628432	5.218631647270317
layer2_two	2	bme_heldout	2	school	-3.435649847604873	-3.4194731762366586	0.01617667136821477	0.010995217667615825	0.005181453700598947	231.74718627526644	148.72647023543703	92.9639122302473	0.014448513852614659	12.202618142551758	7.601516883313901	5.272606682824159
layer2_two	2	bme_heldout	2	check	-3.649840476929369	-3.635546868661869	0.014293608267499886	0.009730032904092566	0.004563575363407319	236.30848619561797	152.2457695539782	93.8740664769648	0.014454077255509198	12.319066463592943	7.672469466394588	5.3140924011426875
layer2_two	2	bme_heldout	3	school	-4.912333687827911	-4.908310958215304	0.0040227296126083235	0.003230909633226956	0.0007918199793813682	233.44603083285892	147.97109850644944	94.6281798602823	0.014758971416342673	12.408583858176874	7.741252189457047	5.314071632773226
layer2_two	2	bme_heldout	3	check	-4.316542690384044	-4.307824108014907	0.008718582369137196	0.005419714478957199	0.003298867890179997	250.91369572176166	160.30839171060347	99.7062542840856	0.017076778882128052	13.178324122206263	8.330928892561767	5.518378787392281
layer2_two	2	unrelated_school_question	1	school	-4.550420852165917	-4.547777097379029	0.002643754786888055	0.0054256876243836	-0.002781932837495545	217.9793928878238	128.0681627112831	101.27891250076247	0.018450436208007914	10.854864755597271	6.335746079648716	5.381300108052194
layer2_two	2	unrelated_school_question	1	check	-4.979534124072448	-4.985909116105761	-0.006374992033312486	-0.0013611167805585185	-0.005013875252753967	221.05765279048398	130.8306589316501	101.7125443985425	0.018259059166412222	11.00677590336597	6.5307118798651445	5.384671126715424
layer2_two	2	unrelated_school_question	2	school	-3.840443716468211	-3.829613423941339	0.010830292526871456	0.0075933931834685255	0.0032368993434029308	225.07430705698297	135.15374746589595	101.85512590565114	0.017811741577353546	11.148042764202573	6.561182285627719	5.450202920157713
layer2_two	2	unrelated_school_question	2	check	-4.131758976802113	-4.124136979317497	0.00762199748461634	0.005904252022358285	0.0017177454622580564	230.88129555108495	140.07915961836648	102.85216172518066	0.017836946604651252	11.267657054637159	6.638738268567596	5.48902590349476
layer2_two	2	unrelated_school_question	3	school	-5.1089828023059285	-5.1016865220333925	0.007296280272536595	0.006329072642879993	0.000967207629656602	225.86468604945085	133.7917322403042	102.93191555077856	0.017594090356661374	11.31877498342839	6.689057351105489	5.474578477779171
layer2_two	2	unrelated_school_question	3	check	-4.743644045082415	-4.7353787137854	0.008265331297013524	0.006317222599134277	0.0019481086978792486	231.62755733333637	139.25039970158798	103.80801253799653	0.018412633937369177	12.127460564540565	7.316376337319856	5.6687647624697854
layer2_two	3	train_moon			-5.678976491060297	-4.9219571159644016	0.757019375095896	0.6759125146291497	0.08110686046674631	959.2258260494924	488.18969289568696	496.5108202178593	0.4633476243340075	29.84175122714595	23.16948830297264	12.968042725843102
layer2_two	3	train_mars			-7.50434047946324	-6.585510497477609	0.9188299819856315	0.5112486586432484	0.40758132334238295	756.316677043819	363.6308848645914	404.23677039678336	0.21720751569557514	24.540882550292956	13.715773998004432	11.82615419424125
layer2_two	3	heldout_moon			-4.634076989490006	-3.968817897760026	0.6652590917299794	0.47676752424425445	0.18849156748572518	915.0940670461486	462.13554827600416	466.33829314547603	0.2591876013941516	28.271868900984153	17.79631037569431	11.482508901351723
layer2_two	3	heldout_mars			-5.824320946915255	-5.379616785288034	0.4447041616272208	0.3673223494206446	0.07738181220657622	1107.0028709944872	489.5203379342735	644.3701576988776	0.6245686383651364	35.977868038865196	21.42115876640902	17.406628599787766
layer2_two	3	neutral_library			-5.404428224852483	-5.4803306154158	-0.07590239056331526	-0.022024306290931297	-0.053878084272383955	735.7541124076076	452.83892866715854	341.10711725089016	0.27380439103366816	40.531169326920775	24.918871475516646	17.383981623135373
layer2_two	3	neutral_carpenter			-6.6470486827601665	-6.776785875467733	-0.12973719270756703	-0.05744201064934615	-0.07229518205822091	790.5621090602853	479.7665221115488	437.4982134457402	0.4551641403471727	44.527024355680524	28.30907301727346	18.210877893588187
layer2_two	3	neutral_rain			-4.877083769904231	-5.127348170636678	-0.25026440073244727	-0.0992812991204817	-0.15098310161196557	874.0912204289492	577.5978011194607	441.7492879978794	0.8752191333177355	47.23554400398468	28.79240494268601	25.219014622920444
layer2_two	3	bme_original	1	school	-4.234966083600657	-4.258010683170187	-0.023044599569530456	0.002055918172819349	-0.025100517742349806	980.3434788083613	614.9495621727788	439.5058615143935	0.46372430095564027	56.183611188806466	31.33929356477206	26.94888267426221
layer2_two	3	bme_original	1	check	-4.456119396069681	-4.481547895224096	-0.025428499154413423	-0.0010916250717815828	-0.02433687408263184	984.0279361357716	620.830602639254	436.3297203092198	0.4601991006944075	56.45500743219597	31.565022293011655	27.02336005433787
layer2_two	3	bme_original	2	school	-3.469674814426105	-3.432219585708328	0.03745522871777702	0.03549811608819952	0.0019571126295774934	983.7466518588083	627.7947261095547	429.7585264200452	0.46078198591336916	57.000040710313115	31.908486742123838	27.300965279824972
layer2_two	3	bme_original	2	check	-3.671782070485262	-3.641962206216709	0.029819864268552772	0.03254600884618583	-0.002726144577633064	995.896068035336	634.8622206593578	434.8087191820703	0.4611037845440881	57.66513423378511	32.28620581681295	27.598461837012668
layer2_two	3	bme_original	3	school	-4.945753827152981	-4.961700993731926	-0.015947166578945276	0.010097601893505281	-0.02604476847245056	1023.0991699825014	654.2563399027863	440.1656668378732	0.471751740107648	58.27849279231815	33.053950345285315	27.52910389784183
layer2_two	3	bme_original	3	check	-4.306497053689526	-4.292186357478277	0.014310696211248452	0.02881617726367418	-0.014505481052425724	1094.7608796831748	692.4614476455415	472.52956963246976	0.47703344658330843	60.50958283540071	34.57196374095043	28.490770718086978
layer2_two	3	bme_heldout	1	school	-4.216272545672354	-4.244688749536373	-0.028416203864018934	-0.0012830079713696892	-0.027133195892649238	1026.9886900034587	607.7088025603454	480.26814221562717	0.3695620959910874	59.61075906772041	33.55212980701037	28.091818925104864
layer2_two	3	bme_heldout	1	check	-4.420322903527515	-4.45641463426975	-0.036091730742235484	-0.006589502184990074	-0.029502228557245404	1029.0533457729177	612.7596268087717	477.1169278054164	0.3658712883417168	59.83705384821204	33.77981635186833	28.138710309657462
layer2_two	3	bme_heldout	2	school	-3.419473176196723	-3.38243518663011	0.037037989566612445	0.041329696018027336	-0.0042917064514148935	1037.4007441635529	622.6890694035599	476.70349846493957	0.36748420871593435	60.45231941267975	34.22313478564621	28.36483161362875
layer2_two	3	bme_heldout	2	check	-3.6355468686192873	-3.6088598555929448	0.026687013026342635	0.0365524223407034	-0.009865409314360767	1049.587639167457	630.4588907604165	480.9811213159579	0.36709340807325447	61.10530212624089	34.593977615331184	28.662411712971085
layer2_two	3	bme_heldout	3	school	-4.9083109581973785	-4.927461492082575	-0.019150533885197052	0.007943901098914562	-0.027094434984111616	1059.3284391436434	639.0775610724753	479.320176372546	0.3743094427724412	61.62695602935486	35.13646168354734	28.690758578665626
layer2_two	3	bme_heldout	3	check	-4.307824107999469	-4.307477672690211	0.0003464353092591484	0.024589338675485455	-0.024242903366226302	1157.1485292298314	692.8893135614688	523.7048190626788	0.3927671119402246	64.07430665514573	36.973096072347914	29.608722926997853
layer2_two	3	unrelated_school_question	1	school	-4.547777097379134	-4.597628578229511	-0.04985148085037627	-0.007939252540824459	-0.04191222830955182	960.3093533306203	609.3216174625948	428.9535439949791	0.4185351892388568	56.542746115277296	31.613358841321922	27.39514973201555
layer2_two	3	unrelated_school_question	1	check	-4.985909116105513	-5.057900648779092	-0.07199153267357958	-0.021168669208143212	-0.050822863465436366	965.3812567728693	614.7638687342417	427.69083476610524	0.4144815443116668	56.65775913898611	31.771559934727218	27.39650538643084
layer2_two	3	unrelated_school_question	2	school	-3.8296134239001423	-3.820320765440144	0.009292658459998743	0.02690305763805161	-0.017610399178052866	973.4092525505487	621.6188136407321	429.81433767424113	0.4186747998313751	57.50304783428428	32.25438554972736	27.857575104120947
layer2_two	3	unrelated_school_question	2	check	-4.124136979281076	-4.131469052234667	-0.007332072953592164	0.01791456013333182	-0.025246633086923986	990.266062387738	630.9454179663862	436.42824141169615	0.4191926426780086	58.12637977616998	32.603140021519245	28.143261196760346
layer2_two	3	unrelated_school_question	3	school	-5.101686521986621	-5.117681789291553	-0.015995267304932132	0.014263191196265484	-0.030258458501197624	976.619231454368	635.1011074111215	419.36045407914656	0.4223088284071015	58.200715997258236	32.94396457556391	27.876641146963234
layer2_two	3	unrelated_school_question	3	check	-4.735378713752406	-4.744103690052856	-0.008724976300450141	0.021879973940435712	-0.030604950240885852	1023.8040469841087	648.3047053339703	458.0324477847978	0.44718722973775116	60.98381736816485	34.99968968728519	28.846475142000084
layer2_two	4	train_moon			-4.921957111525886	-3.3392200887333097	1.5827370227925757	1.5994581818792795	-0.016721159086703706	8108.228285238004	3500.981809051421	4979.6473689770655	8.835725348684697	105.2298686523795	71.01923747755791	67.02551563913516
layer2_two	4	train_mars			-6.585510493254411	-4.746549620545478	1.8389608727089333	2.620519986767415	-0.7815591140584819	7484.557694816366	2607.306085876673	5022.898504281808	9.812791390392611	104.87415951402822	76.04691096074595	66.03672214965762
layer2_two	4	heldout_moon			-3.9688178933163294	-3.40371449108736	0.5651034022289697	1.389623102595956	-0.8245197003669862	9068.751082825143	3069.075206251937	6262.439912020885	7.955532849913038	112.77270809211582	71.95953774716256	68.47765637991883
layer2_two	4	heldout_mars			-5.379616781506637	-5.155928235110344	0.22368854639629251	0.7965129078091204	-0.5728243614128277	9330.493995565781	3864.6211436116714	6183.078203993892	25.272730053485827	126.73245311623222	99.6294536322604	85.43138177604541
layer2_two	4	neutral_library			-5.480330615682866	-7.3221849108211785	-1.8418542951383134	-0.3864760905764437	-1.4553782045618697	6126.70119237317	1949.6289431657108	4647.204536807368	8.679702294331632	161.94617876437673	103.64723612957405	109.82450560284985
layer2_two	4	neutral_carpenter			-6.776785877009888	-8.158143359361969	-1.381357482352082	-0.4482912285411424	-0.9330662538109394	9061.916009206341	2654.485456733107	6995.378356794229	8.537413218444557	181.45819753302862	119.39319991287707	112.84269801266322
layer2_two	4	neutral_rain			-5.1273481730115344	-6.270164748503377	-1.142816575491843	-0.9995233245408838	-0.14329325095095916	6807.988522774418	3215.7795032584277	6169.57351946323	598.4390054708998	158.87637769061828	151.63702490200095	133.85368295908472
layer2_two	4	bme_original	1	school	-4.25801068310146	-4.946847482062596	-0.6888367989611374	-0.15602488267943054	-0.5328119162817067	8406.327934976132	2745.9487666532527	7016.186052298304	8.349717221452988	292.2980648211856	162.28917310061738	170.3905174595058
layer2_two	4	bme_original	1	check	-4.481547895726992	-5.429873602276033	-0.9483257065490401	-0.12318627431966658	-0.8251394322293736	8401.733450286334	2709.6386757525315	7044.166753100564	8.374062028734174	293.8748438968199	162.92510401118517	171.81084346775287
layer2_two	4	bme_original	2	school	-3.432219586308373	-4.210764160453769	-0.7785445741453966	0.059163646412471994	-0.8377082205578685	8713.423942704416	2716.8512108011587	7293.724329006	9.105991891086068	294.4700251935509	164.63670495777978	172.19139430157097
layer2_two	4	bme_original	2	check	-3.641962207268651	-4.540648740764959	-0.8986865334963076	0.03553837155237819	-0.9342249050486857	8749.411719708247	2755.487066260398	7314.061341281936	9.240572378960374	299.07090775302805	166.7174165355863	176.90172098286678
layer2_two	4	bme_original	3	school	-4.961700993549182	-5.965654244530545	-1.0039532509813653	-0.12073078710882186	-0.8832224638725434	8674.87940943781	2793.554055961492	7261.915465456779	14.40687295482418	295.27086354016404	167.3369740873369	171.8745321921814
layer2_two	4	bme_original	3	check	-4.292186358139408	-5.235686194165221	-0.9434998360258126	-0.050562934774821856	-0.8929369012509906	9475.177048640067	3093.717472790008	7746.971386887035	15.455887608207965	306.59590391526615	173.911889816488	181.9107642135862
layer2_two	4	bme_heldout	1	school	-4.244688749562856	-5.006603031422049	-0.7619142818591927	-0.16863236428672196	-0.5932819175724708	9767.738994811247	3063.7496308204536	7758.296478345968	9.015388227235011	302.48980194212476	170.052283238056	175.7307994740347
layer2_two	4	bme_heldout	1	check	-4.456414634805509	-5.536553265466296	-1.080138630660787	-0.1518262333259098	-0.9283123973348768	9744.44174795725	3020.8515641446934	7774.771649713988	8.969733320253237	303.7609360108593	170.45948785369782	177.11390171853208
layer2_two	4	bme_heldout	2	school	-3.3824351871910103	-4.334397879465059	-0.9519626922740488	0.031809598731203446	-0.9837722910052523	10086.243428828186	3056.588510745818	8042.249594000141	9.281494906579017	303.9888403819313	172.00543863874415	176.79471420212133
layer2_two	4	bme_heldout	2	check	-3.6088598566806374	-4.670313774414429	-1.0614539177337912	0.0024533257525079467	-1.063907243486299	10112.102851136362	3091.323336554722	8055.944577523535	9.32136505303362	308.60165787608133	174.15725933428988	181.50174667611907
layer2_two	4	bme_heldout	3	school	-4.927461491990808	-5.989383420166328	-1.0619219281755197	-0.13819925577675887	-0.9237226723987609	10035.164997633503	3074.6005287164116	8040.324123729122	13.86405795049791	304.7292519291799	175.72864415347647	176.3941452599821
layer2_two	4	bme_heldout	3	check	-4.307477673407197	-5.327283797489196	-1.0198061240819976	-0.11743262657729485	-0.9023734975047026	10811.186297771494	3444.275407914981	8454.694769150608	14.215246710406952	315.67127187479605	182.11043779220924	185.95475994249747
layer2_two	4	unrelated_school_question	1	school	-4.5976285782597595	-5.534463578243564	-0.9368349999838045	-0.2362824065708536	-0.7005525934129508	8394.301712864044	2646.7012630251743	7189.562523951388	8.329860099935058	291.6798650602786	163.27555356237474	170.57959804757087
layer2_two	4	unrelated_school_question	1	check	-5.0579006494063075	-6.31824839265905	-1.260347743252742	-0.27390054507513295	-0.9864471981776093	8380.1632375923	2636.961610109393	7228.566134937157	8.375250487584934	293.0614855531311	163.33807086282806	172.55114017588113
layer2_two	4	unrelated_school_question	2	school	-3.8203207661625065	-4.926271053933792	-1.1059502877712866	-0.05284955796494226	-1.0531007298063442	8725.653445673343	2685.4129187635876	7408.208094298353	8.653884481461171	293.75180929754094	166.00430923555496	173.09154724951114
layer2_two	4	unrelated_school_question	2	check	-4.1314690534499965	-5.296751836045744	-1.1652827825957468	-0.08997538528764583	-1.075307397308101	8747.378995161935	2734.063572856971	7414.417732304681	8.771817251865007	298.19494746311926	168.03798507134354	177.60980377383055
layer2_two	4	unrelated_school_question	3	school	-5.117681789350111	-6.227072421118922	-1.10939063176881	-0.11971177710662972	-0.9896788546621803	8478.368647899471	2634.846034882804	7286.733711036523	10.101392063940843	292.938086892637	167.46752565514598	171.02175689187743
layer2_two	4	unrelated_school_question	3	check	-4.7441036907996255	-5.897466735233493	-1.1533630444338672	-0.10858363064124946	-1.0447794137926179	9400.302396574747	2924.0123784890625	7881.262842446775	12.257403980307744	305.9402807773909	175.426878045533	182.7140758599691
layer2_two	5	train_moon			-3.3392201062432996	-3.397488029941546	-0.05826792369824627	4.539913273742789	-4.5981811974410345	8090.215419182696	11489.082250179534	9038.949898408318	1627.3685031487355	137.07148962341395	185.51243896424708	133.27184773495995
layer2_two	5	train_mars			-4.746549618478925	-4.919780762492282	-0.17323114401335715	2.5984176365959977	-2.771648780609355	7046.771587042221	4658.607936561919	4728.596845999521	180.2150191757446	133.78314153056428	142.95174416230046	83.54782025924823
layer2_two	5	heldout_moon			-3.4037144980954466	-3.8124853548010385	-0.4087708567055914	1.3915652674506067	-1.8003361241561981	10544.925431985574	11145.466817531662	3990.260036728217	1036.181659461643	153.7924462360332	216.88870552690037	147.6155731996851
layer2_two	5	heldout_mars			-5.1559282407869444	-4.9838321525681915	0.17209608821875402	1.1981386910081837	-1.0260426027894296	9793.860378173942	9590.00976427564	5051.77301425561	588.5915903253116	157.6677080196629	219.22028280990733	161.2822090786677
layer2_two	5	neutral_library			-7.322184917878145	-7.446727300592208	-0.12454238271406284	0.3596691224326777	-0.48421150514674055	10328.767406123028	8446.598727019731	5314.052495793152	834.7348563203761	205.38592647602908	250.22965415575456	175.3495688618237
layer2_two	5	neutral_carpenter			-8.15814336771994	-9.051284917118327	-0.8931415493983869	0.5964269923478377	-1.4895685417462246	9471.246211780372	10233.710240862285	9340.400495748778	2266.319735356137	231.81174134014444	297.601080316908	233.16978178272353
layer2_two	5	neutral_rain			-6.270164756457809	-6.63644368295575	-0.3662789264979403	0.13653537848836583	-0.5028143049863061	9767.822706737521	5559.108944247586	6121.236146004921	35.00611030161476	197.9937422363076	204.5280989747116	124.75339795323787
layer2_two	5	bme_original	1	school	-4.946847483156848	-5.432443588267404	-0.4855961051105563	-0.02316818385425699	-0.46242792125629933	12868.40155983043	6840.336857643197	9168.720694739406	244.39596974551094	352.5733688174294	377.84122240157564	227.50238018887683
layer2_two	5	bme_original	1	check	-5.429873601782462	-5.940745482359445	-0.5108718805769841	0.014921791753656155	-0.5257936723306401	12817.906058080327	6740.664145705008	9060.21958012559	244.20256236138488	352.21254396272184	375.8923419815962	224.61372811568927
layer2_two	5	bme_original	2	school	-4.210764159305584	-4.679753243198553	-0.4689890838929684	0.30717410352904473	-0.7761631874220131	12764.545238602597	6736.3522742396335	9208.218253788275	242.47498928918353	351.9751482525265	372.72346757670266	222.15193051987225
layer2_two	5	bme_original	2	check	-4.5406487405687646	-5.1840257715680025	-0.6433770309992373	0.31250847815791566	-0.9558855091571531	12766.722482709507	6765.181744846722	9191.369773433968	245.28836435177016	354.6328967786968	375.8071088950001	224.23956269084925
layer2_two	5	bme_original	3	school	-5.965654245150382	-6.380880500434478	-0.41522625528409635	0.09393761894798956	-0.509163874232086	12590.384330996858	6592.683335327902	9061.416670206332	235.35644450574017	350.89774938376513	370.04966318941774	220.21770286379748
layer2_two	5	bme_original	3	check	-5.235686195098967	-5.819276173602915	-0.5835899785039478	0.3638146350966243	-0.9474046136005719	12687.067120461827	6729.739056900545	9229.439411800246	258.39782980068964	360.60144900963365	389.35915367883644	234.13344741781003
layer2_two	5	bme_heldout	1	school	-5.00660303249637	-5.469950515714121	-0.4633474832177508	-0.000811388434611294	-0.4625360947831395	13369.19991679293	7841.69471322545	8721.542402124076	321.7650440175014	357.62842352254467	386.71329017034424	237.40929651303352
layer2_two	5	bme_heldout	1	check	-5.536553265466086	-6.012105142748373	-0.47555187728228804	0.07936767490691568	-0.5549195521892039	13317.743249530087	7697.407176149706	8747.510874378713	321.10361726103866	356.98598565741247	387.1433943238822	237.981651954576
layer2_two	5	bme_heldout	2	school	-4.3343978788137285	-4.763340163837835	-0.4289422850241074	0.4181966633590888	-0.8471389483831963	13227.440142889884	7870.663176270896	9063.432657678091	321.14725448520727	356.3045195775487	385.07445888253864	236.84758290654634
layer2_two	5	bme_heldout	2	check	-4.670313774294352	-5.269739778760853	-0.5994260044665004	0.38659707608160154	-0.986023080548102	13241.105001236752	7948.243312689271	9073.188749686386	318.60231446337514	359.13396081627957	389.3780137380391	240.6965724557279
layer2_two	5	bme_heldout	3	school	-5.9893834204869725	-6.451261708193402	-0.46187828770643086	0.06735735811439496	-0.5292356458208258	13114.005589593182	7558.5130428901075	8651.415318634596	322.71749383366125	355.2117314977616	383.43032185024776	234.7027559313084
layer2_two	5	bme_heldout	3	check	-5.327283798226548	-5.869249747902271	-0.5419659496757228	0.31892112924938903	-0.8608870789251116	13196.230148493836	7650.672775469971	8855.64137183285	328.80049674927216	364.57534914864385	398.420797391715	243.56288435026534
layer2_two	5	unrelated_school_question	1	school	-5.5344635792884995	-5.833905773536244	-0.29944219424774465	0.1613606188131479	-0.46080281306089255	12827.06443326515	6915.133579884202	9297.845024073758	301.06565089444837	347.23639517757385	382.6481669143899	234.62068222755192
layer2_two	5	unrelated_school_question	1	check	-6.318248393458548	-6.551351285166077	-0.23310289170752707	0.26590265312662525	-0.4990055448341523	12802.035277552128	6767.984246895732	9288.645767774651	291.24639989405233	346.6933980435157	381.2694205534456	232.82553269447368
layer2_two	5	unrelated_school_question	2	school	-4.9262710530235845	-5.145610251772737	-0.21933919874915228	0.5710881417083321	-0.7904273404574843	12739.87126688559	6951.2288463827235	9427.193979416284	312.65762679082115	346.8513806565199	381.81831172869596	234.66993875911024
layer2_two	5	unrelated_school_question	2	check	-5.2967518358901895	-5.654241367935327	-0.35748953204513817	0.47341839861218143	-0.8309079306573197	12762.458431135763	7146.3384444726835	9364.88116153866	312.4387841466013	349.5973371961841	387.678413613154	240.4491802417401
layer2_two	5	unrelated_school_question	3	school	-6.227072421847783	-6.474515249337738	-0.24744282748995464	0.33442958884113155	-0.5818724163310862	12633.662537236272	6694.855257270556	9264.24368450966	293.1556437635209	345.7574383430457	381.9685359015071	236.4973791645597
layer2_two	5	unrelated_school_question	3	check	-5.897466737095273	-6.212892305999655	-0.3154255689043808	0.7438874457479215	-1.0593130146523022	12696.28025646568	6840.11842368335	9548.247772602226	344.1533151186547	355.2715960843727	397.96074887644124	247.05132657628164
layer2_two	6	train_moon			-3.3974880312210365	-3.58933874444086	-0.1918507132198231	4.999657067427398	-5.191507780647221	4104.420005267443	5135.103220926327	5451.629417216333	26.973726402881546	154.4374899058836	194.3285643922828	126.07589206259398
layer2_two	6	train_mars			-4.919780769290301	-4.485677756003804	0.4341030132864977	5.381978913746508	-4.94787590046001	2478.768666287177	6079.040362619213	5880.934062111081	14.061484052407337	153.03473864018335	188.7981770182728	113.07834119775495
layer2_two	6	heldout_moon			-3.812485362582734	-3.759989860575103	0.052495502007631124	3.4924074058535255	-3.439911903845895	5942.55917940876	7935.654968600139	7367.475161769368	59.66933378967822	171.35174722481534	196.9947766185323	129.68196698497368
layer2_two	6	heldout_mars			-4.983832158767958	-5.311134901750527	-0.3273027429825692	2.949362668579474	-3.2766654115620426	5584.925363116657	7482.304058162945	7573.547248342816	60.01430904994551	170.72332065584052	220.99047798028113	151.7259921089864
layer2_two	6	neutral_library			-7.446727303757412	-8.315622104075606	-0.8688948003181922	0.34251211145647625	-1.2114069117746684	7200.940654848223	8115.407281340256	6590.942122253605	81.25357040519027	223.33235719568646	253.6374480337505	192.23956286056182
layer2_two	6	neutral_carpenter			-9.051284923155496	-9.707219147343908	-0.655934224188411	0.8555615863681739	-1.511495810556585	6674.021471114423	11686.479128572544	10949.1043829009	389.88586627278744	257.64840596181153	312.87232764025526	223.71113934076146
layer2_two	6	neutral_rain			-6.636443690321168	-6.88778175095459	-0.25133806063342207	0.28814679301775825	-0.5394848536511802	7026.857009376544	11673.236636135309	10100.232227057451	2081.025952692384	205.37835856576615	288.67762057888217	209.40207823766843
layer2_two	6	bme_original	1	school	-5.432443591598007	-5.849328985808693	-0.41688539421068643	0.3298091412493529	-0.7466945354600394	8261.307157208863	13996.492468411003	11591.17969456943	470.9161969554867	374.58189733774344	446.46933149193694	300.23829091493815
layer2_two	6	bme_original	1	check	-5.940745484021088	-6.689414801630909	-0.7486693176098227	0.21101081382300033	-0.959680131432823	8277.739531011619	13618.807925325067	11474.944421924536	469.65850062399534	375.1163485163302	445.17321215929684	300.5131141312303
layer2_two	6	bme_original	2	school	-4.679753241358312	-5.315200140400415	-0.6354468990421017	0.520774240331712	-1.1562211393738138	8097.348794617117	13722.004281822385	11824.430912641114	475.00732850433246	374.3860582239097	447.6336903027629	305.51038018393666
layer2_two	6	bme_original	2	check	-5.18402576883767	-5.687592936653912	-0.5035671678162412	0.7265997391502224	-1.2301669069664638	8074.279712246511	13510.457329459481	11712.889343441666	475.4887696498078	377.79199032205116	451.02157251538375	309.2856097117965
layer2_two	6	bme_original	3	school	-6.380880498471757	-6.9384587310720995	-0.5575782326003429	0.41433579781848046	-0.9719140304188233	8129.016073250957	13464.754910568689	11662.721044352225	470.3787795877687	372.86775291408617	448.25016854544504	302.07400063712333
layer2_two	6	bme_original	3	check	-5.819276179784178	-6.31744758430541	-0.4981714045212305	0.5761642561798307	-1.074335660701061	8468.830438344665	13421.136164083086	11617.204015596137	471.62883687569035	384.6501233427252	458.7732961966496	313.72906595734884
layer2_two	6	bme_heldout	1	school	-5.469950517589682	-5.9957888961344645	-0.5258383785447813	0.33206277625030356	-0.8579011547950848	8152.77953611111	14204.048768981407	11940.293517171693	554.4013870962825	387.0472130008666	449.69863398345774	288.9586075982352
layer2_two	6	bme_heldout	1	check	-6.012105142805401	-6.8910229353750765	-0.878917792569675	0.17770414034513804	-1.056621932914813	8182.495800924707	13845.815322112132	11956.21553438083	554.1403250090567	387.6479195263625	450.33468913877573	291.1731511865459
layer2_two	6	bme_heldout	2	school	-4.763340161071215	-5.452298616158134	-0.6889584550869182	0.7028012298291602	-1.3917596849160783	7998.745684515954	13762.269210738848	12107.001795089041	553.9223045144118	386.0828614576893	451.8701579579166	294.2177491230797
layer2_two	6	bme_heldout	2	check	-5.269739775385073	-5.827932734469508	-0.5581929590844343	0.8758022409192301	-1.4339952000036646	7998.693608920579	13619.385246899481	12018.406302609625	555.1638421565121	389.62384320026774	456.06198761752637	298.81505311594475
layer2_two	6	bme_heldout	3	school	-6.4512617052996175	-7.0668046265231785	-0.6155429212235611	0.2674970484693804	-0.8830399696929415	8045.110162380037	13514.634740454074	11889.306860052835	554.2620089701763	384.75375281948766	448.5127914087791	287.94190711079557
layer2_two	6	bme_heldout	3	check	-5.869249752514132	-6.458648770249638	-0.5893990177355041	0.41132367355060023	-1.0007226912861042	8465.203770585973	13563.689940250113	11966.911236967515	553.5589878063539	396.06602358377285	459.9731189930734	300.2946513535376
layer2_two	6	unrelated_school_question	1	school	-5.833905774400727	-6.635086660692981	-0.8011808862922536	-0.03571122627850709	-0.7654696600137467	8314.890383133572	13910.430413561577	11698.584011365136	473.38617626409905	371.47100649491273	442.91798079368135	298.0996283937188
layer2_two	6	unrelated_school_question	1	check	-6.551351285745564	-7.614002770358695	-1.0626514846131323	-0.36805869007020103	-0.6945927945429313	8317.67958124134	13731.659786347882	11629.126538711596	472.611461303725	372.18306051019226	442.3190593939702	298.79708094874076
layer2_two	6	unrelated_school_question	2	school	-5.145610249502009	-6.038324744016362	-0.8927144945143533	0.012336807849526324	-0.9050513023638797	8165.282425167668	13621.643382841183	11695.212457420756	472.6979514876321	371.08327103606877	443.8840123847803	301.5668565901946
layer2_two	6	unrelated_school_question	2	check	-5.654241364710274	-6.4096146477210745	-0.7553732830108004	0.3712289783971212	-1.1266022614079216	8158.546863419443	13507.485372940668	11632.62763385815	472.99655576308	374.6339285081702	446.88071241531406	304.8559886727181
layer2_two	6	unrelated_school_question	3	school	-6.474515246977872	-7.218106288051523	-0.7435910410736503	0.32584953476560025	-1.0694405758392505	8088.346607243076	13541.941833768034	11684.032577922433	473.85286917177007	369.23631927819736	444.2680918024762	299.8440074812462
layer2_two	6	unrelated_school_question	3	check	-6.212892309409557	-7.0052791592210175	-0.792386849811459	0.45178534375880586	-1.2441721935702648	8586.23607071425	13521.996335622205	11792.032024629241	474.67269913098283	382.67955280155263	457.2958437424933	312.75834670519936
layer2_two	7	train_moon			-3.5893387220028843	-3.3445075386632217	0.2448311833396625	4.512167647364084	-4.267336464024422	6655.449512260215	14370.921974349989	8087.200476550951	34.40458390801449	121.80777266142383	184.0264647913718	97.56021064247794
layer2_two	7	train_mars			-4.485677738060375	-3.91120414331847	0.5744735947419051	4.356544925215751	-3.7820713304738462	6835.572794114933	15375.262961397098	8952.188019448882	109.56350478910956	127.05178404747772	175.60716363335905	75.51901319937373
layer2_two	7	heldout_moon			-3.7599898451200997	-3.770352578488405	-0.010362733368306213	3.325723035155303	-3.3360857685236094	8543.9063938162	19011.38138278398	11465.895912061049	60.54352347504395	137.10182658441644	193.9668445605371	96.71223399306817
layer2_two	7	heldout_mars			-5.3111348878270475	-4.932690068655037	0.37844481917201056	3.1806716180880583	-2.8022267989160476	7937.226855879326	17329.631619466425	9910.472257733425	506.47244523700016	137.09979512374548	212.7567789337079	125.08318396869802
layer2_two	7	neutral_library			-8.315622094054152	-7.003407706133982	1.3122143879201695	2.9977393805044	-1.6855249925842306	6500.176937187004	13368.903178127477	8736.02912318919	330.8956243778071	181.09834609161936	286.5814985407267	193.53827045664372
layer2_two	7	neutral_carpenter			-9.707219135762989	-8.081942081355317	1.6252770544076705	3.7233858595154654	-2.0981088051077945	8692.766255653389	19995.49711615747	12137.097976217046	175.460026608058	202.66598494156932	287.3419154876541	181.22663753789683
layer2_two	7	neutral_rain			-6.887781745184961	-6.199028956790714	0.6887527883942484	2.452525045873312	-1.7637722574790635	7435.9073229173455	16210.360953470386	10567.9852901479	47.99064801249235	162.01299063164123	236.04318102027665	137.6046082914116
layer2_two	7	bme_original	1	school	-5.849328973124324	-4.9106905614982805	0.9386384116260438	1.8461292847277517	-0.907490873101708	12235.497166028308	23338.59560677121	12213.040676227725	561.6720448579517	319.7522410628725	503.78398118731997	312.5531330719624
layer2_two	7	bme_original	1	check	-6.689414782341149	-5.226526651356019	1.4628881309851314	2.6878383847702585	-1.2249502537851276	12455.759498313817	24005.44911216598	12582.781314501426	288.4802113004781	321.09735496010813	501.78276495953946	305.81455897323093
layer2_two	7	bme_original	2	school	-5.315200136856475	-4.117892770436879	1.1973073664195963	1.7606403133830846	-0.5633329469634881	12636.26647180758	23456.275374432542	12230.448101374728	582.9451769030576	321.3341942594454	502.3985206377802	312.3813937973564
layer2_two	7	bme_original	2	check	-5.687592929312967	-4.423269337500322	1.2643235918126439	1.852106608689882	-0.5877830168772383	12808.297753905166	23767.80634714197	12493.668232538477	630.8280422140735	324.50470943660713	506.9598220999741	316.34556197100454
layer2_two	7	bme_original	3	school	-6.938458723866085	-5.742150642515682	1.1963080813504015	2.252169708122076	-1.0558616267716743	12638.947798993435	23671.918136842356	12195.864616602432	428.9048184758534	320.290678419345	507.49099328751356	318.6947957583248
layer2_two	7	bme_original	3	check	-6.317447570894738	-5.2243948395762025	1.0930527313185345	2.3999493145552435	-1.3068965832367085	13753.122502402774	24520.403507504303	12351.478501975855	443.0403245270296	330.421895419936	511.99243082065783	320.4260793437208
layer2_two	7	bme_heldout	1	school	-5.995788881542046	-4.956708095944171	1.0390807855978765	1.987980025081677	-0.9488992394838	13394.719803771066	25051.421733335228	12927.989442849377	596.4659430562051	326.44858149236427	522.2268761054855	325.05364562020515
layer2_two	7	bme_heldout	1	check	-6.891022913350169	-5.297132704958656	1.5938902083915134	2.950877519820707	-1.3569873114291937	13639.783377692158	25804.51652316698	13368.325684450157	426.313010545758	327.61439692549396	522.7304145696621	322.7260288417958
layer2_two	7	bme_heldout	2	school	-5.452298613991837	-4.230018821066036	1.2222797929258011	1.6428545897958096	-0.42057479687000826	13768.141895861647	25062.14672369551	12782.481096825208	534.1945621800406	327.51303423326664	521.1435593334072	327.13723509383874
layer2_two	7	bme_heldout	2	check	-5.827932728651669	-4.544028779194543	1.2839039494571258	1.7290448999972683	-0.4451409505401421	13932.222354190624	25395.215778555274	13016.85814000111	540.4119660357469	330.76846729373017	525.3899637438305	330.5212063061031
layer2_two	7	bme_heldout	3	school	-7.066804618030159	-5.796976754376872	1.2698278636532863	2.5133991871488925	-1.2435713234956063	13740.564038774199	25426.163631796484	12963.439625124407	521.9721319657061	326.4704981173258	532.3419012882215	340.7738116467883
layer2_two	7	bme_heldout	3	check	-6.458648756945482	-5.3060150712508936	1.1526336856945885	2.4429551559366662	-1.290321470242078	14908.047987330518	26512.093103511368	13047.693580216137	516.4662603235357	336.50361674708944	529.7209486652418	331.5773145854526
layer2_two	7	unrelated_school_question	1	school	-6.635086648066093	-5.426701945560145	1.2083847025059475	1.8809882107346654	-0.6726035082287181	12371.18245435057	23323.911262037975	12055.400491969931	455.00958507847014	316.8440379442927	497.40801338744006	305.275196325729
layer2_two	7	unrelated_school_question	1	check	-7.614002753751283	-5.9895596343016555	1.6244431194496274	2.2677093893632128	-0.6432662699135854	12531.429475033208	23757.03010982667	12235.537957831128	322.7696533549085	317.68975807683563	498.1902396973326	304.43773703486994
layer2_two	7	unrelated_school_question	2	school	-6.038324741892073	-4.738824395059232	1.2995003468328414	1.6412195128568554	-0.34171916602401414	12623.248867437229	23295.74667244719	11997.308864387365	480.1338542571091	316.81665531321823	496.27926920646803	307.9583611568619
layer2_two	7	unrelated_school_question	2	check	-6.409614643049782	-5.065402789244664	1.3442118538051167	1.6766069938762114	-0.3323951400710944	12754.554770365576	23566.353543007284	12202.279328815252	494.1645806715043	320.10693539311524	500.28079639612946	310.76859708558544
layer2_two	7	unrelated_school_question	3	school	-7.218106283603475	-5.919943865338367	1.2981624182651081	2.010515942987521	-0.7123535247224129	12523.27412168256	23434.823870473945	11990.099027851356	472.9286510061875	316.6346365453748	501.45568993018117	313.2904035802886
layer2_two	7	unrelated_school_question	3	check	-7.005279147542379	-5.782346104665365	1.2229330428770135	1.9287249581475052	-0.7057919152704917	13844.03657054177	25323.44134245954	12641.72373038538	324.78631045076094	329.12369496571915	506.0165352931892	310.8123611209246
layer2_two	8	train_moon			-3.344507531717504	-2.4341741476515297	0.910333384065974	1.2308718582294345	-0.3205384741634604	8035.221330790045	5843.299843387988	2599.5098024650356	2.8520706216770826	68.19342401613673	60.2278336812653	23.602137537237606
layer2_two	8	train_mars			-3.9112041362745193	-2.88629845840158	1.02490567787294	1.361820170763131	-0.33691449289019104	8633.935075456184	6016.723569979759	3077.094003352196	2.803279017692705	75.64574190033933	69.8456653666966	32.31713946478419
layer2_two	8	heldout_moon			-3.7703525767302017	-3.2795920371685185	0.49076053956168275	0.5952560141310496	-0.10449547456936685	9905.421283519285	6780.290939762956	3488.3233560551453	2.370856998864007	76.53673643276365	65.10416029817743	23.96571582078028
layer2_two	8	heldout_mars			-4.932690064499191	-4.715796474711537	0.21689358978765538	0.42127528435173794	-0.2043816945640826	9285.516189570215	6813.6158372492255	2881.5864112206064	2.73665063061558	77.83307544076067	67.64935879070897	24.304166887147687
layer2_two	8	neutral_library			-7.003407707690294	-8.078087325404578	-1.0746796177142843	-0.8604647683958395	-0.2142148493184448	8255.33980325333	5799.5423060314	2777.3103654132756	8.63238596082688	108.25355846385783	99.70260075773753	35.99614519259037
layer2_two	8	neutral_carpenter			-8.081942073910616	-9.36349188036065	-1.2815498064500355	-0.9710720811496446	-0.31047772530039097	10810.351522755462	7643.198346886077	3699.8367746788476	13.140063062369384	125.88946453948132	115.25372712949407	53.6027859665194
layer2_two	8	neutral_rain			-6.1990289503394935	-6.77667630753455	-0.5776473571950576	-0.4277143744796574	-0.1499329827154003	8083.976801530289	5901.725687661001	2563.338902632579	6.777209939363377	94.00075985953869	86.36330271056478	28.484327643429797
layer2_two	8	bme_original	1	school	-4.910690556458288	-5.677338296715173	-0.7666477402568848	-0.5080550110406449	-0.2585927292162398	14567.424671893685	8926.695002155206	5896.798023661709	5.3282537571702075	234.07408287713008	203.04592034091323	80.1670895075499
layer2_two	8	bme_original	1	check	-5.226526647091902	-6.317084721275389	-1.0905580741834877	-0.7303898805480628	-0.3601681936354251	14599.642655261569	8925.545885761878	5926.7941410075855	5.344863693779092	234.379536136895	202.89886258774038	81.45679211769033
layer2_two	8	bme_original	2	school	-4.117892766994655	-4.981180431656915	-0.8632876646622596	-0.5636540010728974	-0.2996336635893621	14702.613584375044	9037.172587053592	5917.204964776474	5.338812525999572	234.2733122199439	203.2964160412852	81.00907528383053
layer2_two	8	bme_original	2	check	-4.42326933304427	-5.321203738790272	-0.8979344057460013	-0.5980006548385925	-0.2999337509074087	14819.604347737473	9094.08625364833	5979.29196229008	5.389319146624565	235.69222655944213	204.75279936975463	81.2122517137756
layer2_two	8	bme_original	3	school	-5.742150632198832	-6.796723247865711	-1.0545726156668793	-0.7174953951606122	-0.33707722050626726	14753.131942014517	9028.707533058245	5980.102529663392	5.354154057772057	235.03921877320448	203.97945169114337	80.54728337834018
layer2_two	8	bme_original	3	check	-5.224394830820473	-6.09388654692198	-0.8694917161015082	-0.5933859902948381	-0.2761057258066702	15358.151476676721	9509.095967486644	6106.332490806479	5.393416858731771	240.30496100862476	209.03461551547656	83.58842309615117
layer2_two	8	bme_heldout	1	school	-4.956708090881332	-5.822016979519818	-0.8653088886384873	-0.5580253133197002	-0.3072835753187872	15613.227580760205	9773.338073045494	6056.2281721978	7.331566280973301	233.57065069589845	204.43255404272577	78.93998583356067
layer2_two	8	bme_heldout	1	check	-5.297132701116902	-6.49825325843256	-1.2011205573156585	-0.8182121340600249	-0.3829084232556336	15651.613579470586	9773.337205357098	6094.908996330741	7.289405809785653	233.77071773114275	204.16890580924533	79.60296350422972
layer2_two	8	bme_heldout	2	school	-4.230018818674982	-5.135574306905902	-0.9055554882309192	-0.644514017696317	-0.2610414705346021	15738.765794729446	9896.725974427067	6055.666278045778	7.459800284133793	232.9827600071022	204.13664624043983	78.88601167173034
layer2_two	8	bme_heldout	2	check	-4.544028775466136	-5.483816180649276	-0.939787405183141	-0.6721906586568487	-0.2675967465262922	15850.098068709154	9937.713041937139	6122.048076324226	7.301110894735745	234.4058542729453	205.3790549123865	79.12298566526187
layer2_two	8	bme_heldout	3	school	-5.796976743922663	-6.9385834127225365	-1.1416066687998734	-0.8003712221442676	-0.3412354466556062	15790.799228559146	9875.701075137764	6140.6538442848805	7.354492872768605	234.11236258264938	205.02408825986313	78.51949191709232
layer2_two	8	bme_heldout	3	check	-5.306015062041675	-6.230926799749517	-0.9249117377078433	-0.6316844395688208	-0.2932272981390225	16356.84320518425	10323.48178416423	6242.2939796111905	7.482653108841437	239.07039431657498	209.87665062375066	80.79436168001445
layer2_two	8	unrelated_school_question	1	school	-5.4267019365932425	-6.378630166529167	-0.9519282299359244	-0.6976535400038837	-0.25427468993204055	14602.833720792627	8921.918254712895	5935.505188130464	5.392046676817854	231.5233700763018	201.37800508871118	77.99611744373175
layer2_two	8	unrelated_school_question	1	check	-5.989559626195921	-7.209529441020266	-1.2199698148243454	-0.9175689002153405	-0.3024009146090047	14645.647638827193	8934.555647677658	5958.5800907562525	5.401915491094204	231.6196076531749	201.65347513287284	78.8857383206176
layer2_two	8	unrelated_school_question	2	school	-4.738824389488863	-5.6811519548009555	-0.9423275653120928	-0.7397829574667448	-0.2025446078453481	14714.006000312867	9032.714360794082	5933.827718941148	4.990482933914088	230.66080654987658	201.157907215405	76.93874598782882
layer2_two	8	unrelated_school_question	2	check	-5.065402782679912	-6.021999355542229	-0.9565965728623165	-0.7629916728901198	-0.19360489997219663	14817.796462724396	9101.574478102326	5976.5602214849105	5.187610036446703	232.16615337973403	203.11626150828542	77.99925596025201
layer2_two	8	unrelated_school_question	3	school	-5.919943854306555	-7.023609659188362	-1.1036658048818069	-0.8228570752236094	-0.28080872965819775	14716.82750078356	8984.43079162082	5980.148929828514	4.978824071764323	231.76158377157293	202.14063880645708	78.5016672000374
layer2_two	8	unrelated_school_question	3	check	-5.782346094028663	-6.649122931667253	-0.8667768376385918	-0.6514397502580301	-0.2153370873805617	15378.058844201125	9508.203962931819	6135.495994941248	5.164586919845434	237.49458309627062	207.42559508931384	80.8942813462982
layer0_one	1	train_moon			-6.054310648990556	-6.0132276288195685	0.04108302017098815	0.041649922030066684	-0.0005669018590785328	36.30684681505149	36.50404608532552	3.139913331482488	0.0009514627404908272	1.96753030724318	1.902794507154108	0.18374939988678904
layer0_one	1	train_mars			-7.690931174917135	-7.690967570651384	-3.639573424907283e-05	0.0003379604471480446	-0.00037435618139711695	18.052301973018718	17.686471288632774	0.748468607419894	5.597808025051709e-05	1.53346558133292	1.5148799746903219	0.05526757148797432
layer0_one	1	heldout_moon			-4.844955098924322	-4.832373292287292	0.012581806637029735	0.01266428065142663	-8.247401439689548e-05	13.590990824843475	13.619075621979801	0.44741913059986294	0.0004508613050727529	1.1363696487000374	1.1343626510979414	0.025142712928370475
layer0_one	1	heldout_mars			-5.992972437423482	-5.9971855542765296	-0.004213116853047831	-0.004154690986843742	-5.8425866204089945e-05	28.605867583126503	28.609602463578597	0.5613627705557039	3.2777201887681636e-05	1.170183156715233	1.1616133954672072	0.03495650796278429
layer0_one	1	neutral_library			-5.394930345087448	-5.410396068812615	-0.015465723725166438	-0.021055499989669473	0.00558977626450304	79.25834222590767	96.18675247538147	21.745221168519734	0.02398738128299364	5.369365415837036	6.550768619738076	1.7147424546813224
layer0_one	1	neutral_carpenter			-6.6300027774968	-6.625704999162658	0.004297778334141385	0.004224391948315915	7.338638582547192e-05	63.7913601630098	65.4244247516153	6.192392302627879	0.0021668784163284163	2.9940651634434157	3.1016750695374293	0.4100794200545647
layer0_one	1	neutral_rain			-4.805121602523071	-4.803384083954818	0.0017375185682536915	0.0012695339992678648	0.000467984568985826	88.12433844226344	97.32064826959049	13.886008910523245	0.00773611941528277	3.987863421762947	3.9051835312661147	0.5511084146196678
layer0_one	1	bme_original	1	school	-4.248242936756464	-4.252671319554789	-0.004428382798325526	-0.005352535088918176	0.0009241522905926501	182.14349787897797	200.71300797676196	47.32226013493489	0.08663235260332948	9.911441515406143	10.730263249979338	2.8974968505308207
layer0_one	1	bme_original	1	check	-4.453651017016581	-4.453932468090762	-0.0002814510741809892	-0.001245232480408493	0.0009637814062275035	181.2010871730836	199.8543183149806	47.35309385505511	0.08695026276951422	9.884766110105216	10.703980626061135	2.9055350028972473
layer0_one	1	bme_original	2	school	-3.4873001148986837	-3.4932937726676214	-0.005993657768938308	-0.0065416743835881004	0.0005480166146497929	181.07779804112124	199.2061979985208	47.32895633507514	0.08712809307649592	9.832595703058068	10.635571568657072	2.9082805804791225
layer0_one	1	bme_original	2	check	-3.68745475431158	-3.6934325802793784	-0.00597782596779869	-0.006719481622143689	0.0007416556543450001	185.83551053814494	203.85922312299584	47.49674096916035	0.08732504973099205	9.858705989927179	10.665021150133988	2.9140990753246374
layer0_one	1	bme_original	3	school	-4.953211033610465	-4.952716659668254	0.0004943739422108689	-0.0011007272528497508	0.00159510119506062	183.09805065519265	201.1116881136253	47.23362833225065	0.08612097245170397	9.977251618974467	10.832713901538783	2.9311537570352457
layer0_one	1	bme_original	3	check	-4.318126708937165	-4.324489402367133	-0.006362693429968097	-0.007406632683243079	0.0010439392532749841	184.26649579758478	202.18681315112553	47.02515690809908	0.08635877626796858	10.07847646481491	10.877811228542738	2.8782542346378808
layer0_one	1	bme_heldout	1	school	-4.227712482036846	-4.23618915979766	-0.00847667776081351	-0.006633936081817357	-0.0018427416789961529	214.91222578798346	197.82115687736533	97.23330632144872	0.23680847319301718	14.3441381947275	11.852618063940527	6.613385621090219
layer0_one	1	bme_heldout	1	check	-4.415279389569733	-4.420895020022511	-0.005615630452777209	-0.00332702893105975	-0.002288601521717459	214.0617137277115	196.55108649400535	97.07542303219863	0.2368303217832067	14.361579015994785	11.870053132248815	6.625812718840359
layer0_one	1	bme_heldout	2	school	-3.44005253562686	-3.449133544082617	-0.009081008455757154	-0.008226509054334944	-0.0008544994014222079	213.81027819279458	196.32475477448708	97.73921061120821	0.23730083602556926	14.329787603245716	11.794915577829522	6.6398560247125324
layer0_one	1	bme_heldout	2	check	-3.653608461855005	-3.6613669795885504	-0.007758517733545794	-0.006972948511970759	-0.000785569221575035	215.38980764997947	199.84280736760465	98.45130523362883	0.23749342049391597	14.357254541699353	11.813292657904434	6.672336429170791
layer0_one	1	bme_heldout	3	school	-4.914247234775304	-4.916102172106711	-0.0018549373314076106	-0.004303447002787926	0.002448509671380316	215.47547712966315	198.17428900134848	97.50532617342037	0.23667051137323164	14.373443920908976	11.88563692251774	6.662838353031565
layer0_one	1	bme_heldout	3	check	-4.316916350262312	-4.329882493143619	-0.01296614288130779	-0.014952985871843438	0.001986842990535649	217.39536914115087	200.46157543003133	97.29395029338473	0.2367059209169594	14.509676533677018	12.071581442974257	6.637599637197925
layer0_one	1	unrelated_school_question	1	school	-4.558654148190906	-4.561053090974335	-0.0023989427834280467	-0.002639695966092923	0.0002407531826648758	180.2647159756516	200.5960969598181	46.009576092311534	0.08745890846681666	9.929668337952712	11.115900517303057	3.017624496701532
layer0_one	1	unrelated_school_question	1	check	-4.982556923820014	-4.981564548545062	0.0009923752749513891	0.0009820347533034805	1.0340521647908604e-05	180.29386642593565	200.64699645860455	46.07254310040505	0.08770647612237704	9.89072145981722	11.091527619313908	3.018477448865691
layer0_one	1	unrelated_school_question	2	school	-3.843679445257395	-3.8481634898473884	-0.004484044589993398	-0.0035554482096192357	-0.0009285963803741633	180.07561628449895	199.75620839683614	46.25061852843604	0.08699425088271799	9.856988705826012	11.045668769933181	3.0530604143426716
layer0_one	1	unrelated_school_question	2	check	-4.134879207313781	-4.1403272769761195	-0.005448069662337702	-0.00466432319682945	-0.0007837464655082518	184.58707475022692	204.1543368258657	46.16610054987795	0.0892243297281245	9.901078182620706	11.080239705841711	3.0215075869515187
layer0_one	1	unrelated_school_question	3	school	-5.113978925729231	-5.112949136380698	0.0010297893485331315	0.001179908862411045	-0.00015011951387791365	181.83589688549813	200.95492147049478	45.47942693941685	0.08916325557271965	9.995855512638267	11.16676224355237	2.9899419158694243
layer0_one	1	unrelated_school_question	3	check	-4.745950777227802	-4.7589378329752225	-0.012987055747421383	-0.013660216713413808	0.0006731609659924255	181.7818968460201	201.97896865072752	46.22335534907851	0.08676809800477954	10.084866107193736	11.280892964758472	3.0267854549472175
layer0_one	2	train_moon			-6.0132276288195685	-5.868638330090884	0.14458929872868423	0.10992163347090482	0.034667665257779395	187.92415341874846	115.36351377764717	89.47068686253351	0.08124574648115356	11.056163173238017	6.2525065241138815	5.462889281737202
layer0_one	2	train_mars			-7.690967570651384	-7.6755986189302945	0.015368951721089008	0.008517511777790776	0.006851439943298232	45.823455153957696	28.34845507819465	20.116806067883843	0.004600951255956129	3.814981208939524	2.6238568809919727	1.3448279757616333
layer0_one	2	heldout_moon			-4.832373292287292	-4.747820287098137	0.08455300518915526	0.048910843696006845	0.035642161493148417	99.88406931612528	74.33041584178743	44.14569275725376	0.07769662769923312	8.73659489578046	5.2874982761297575	3.822334962320209
layer0_one	2	heldout_mars			-5.9971855542765296	-5.9068820786262615	0.09030347565026729	0.04676824562083743	0.04353523002942986	121.93737582514619	72.23901026004803	57.25775083265966	0.051052924208833575	8.374703468575342	4.816303117075953	4.161959313305109
layer0_one	2	neutral_library			-5.410396068812615	-5.406785603478056	0.0036104653345587607	-0.0033601393592630037	0.006970604693821765	175.52215054031524	120.26733288868618	74.73698819069227	0.061082316790730735	10.106315322696748	6.237113846165901	5.019806687236917
layer0_one	2	neutral_carpenter			-6.625704999162658	-6.62803940574018	-0.0023344065775217377	0.0003618077882324777	-0.0026962143657542153	179.65076352559637	120.38554668896349	61.559635937082135	0.007298095265474751	4.9126029220135665	3.5615599730747483	1.8993490639309847
layer0_one	2	neutral_rain			-4.803384083954818	-4.818037299479982	-0.014653215525163743	-0.004804070759043682	-0.00984914476612006	321.50804319850135	135.12498303499765	208.86021729839183	0.12674701459567952	10.860500058700598	5.2711163032093715	6.34289808841195
layer0_one	2	bme_original	1	school	-4.252671319554789	-4.252767020034458	-9.570047966886003e-05	-0.0016556021302311886	0.0015599016505623289	156.70106407935	154.04294642884892	53.01209261981034	0.02829066626898627	8.00384540902226	8.091199155614907	2.994723756692824
layer0_one	2	bme_original	1	check	-4.453932468090762	-4.44877357461997	0.005158893470791208	0.0026485054517709824	0.002510388019020225	157.4283505146722	154.40539963702182	52.34829786149251	0.02825220632184498	8.03003108045562	8.09355887949343	2.989014310218321
layer0_one	2	bme_original	2	school	-3.4932937726676214	-3.4944071147864944	-0.001113342118872399	-0.0032390611745061804	0.0021257190556337817	155.89170894242173	154.5871341061754	51.1582138108787	0.029680943884189154	8.04163238397252	8.089791581044288	2.9947103490832703
layer0_one	2	bme_original	2	check	-3.6934325802793784	-3.692774457693739	0.0006581225856400219	-0.002256187925225108	0.0029143105108651295	156.79479497523718	157.1840657159201	52.83333022883899	0.029692887723324644	8.055733196626266	8.10138533417522	3.0169431118594088
layer0_one	2	bme_original	3	school	-4.952716659668254	-4.947339357647604	0.005377302020649603	0.003659779549934253	0.0017175224707153501	154.28641932575002	153.7759808897668	54.01926793498881	0.02825199378179318	7.9716666401779515	8.095739257304785	3.0033093670256807
layer0_one	2	bme_original	3	check	-4.324489402367133	-4.322565017298798	0.0019243850683354176	-0.0015407784630101678	0.003465163531345586	155.8859788272232	155.36044385894849	53.67961289929831	0.028320285688021717	8.050941392117982	8.181113446564392	3.0275933110411923
layer0_one	2	bme_heldout	1	school	-4.23618915979766	-4.237005669226533	-0.0008165094288735483	-0.0066354484909267415	0.005818939062053193	151.5149299119924	165.00397317323706	111.52446778065075	0.2925334119803894	7.71225072318102	10.613290389308926	8.636148276647958
layer0_one	2	bme_heldout	1	check	-4.420895020022511	-4.418509017311543	0.0023860027109675673	-0.004455857492368647	0.006841860203336213	150.9926098909544	164.76281256709964	111.53612659071288	0.29275805699896557	7.691351571375099	10.615773595809147	8.666100557954321
layer0_one	2	bme_heldout	2	school	-3.449133544082617	-3.44894592701047	0.0001876170721472938	-0.005255633690711852	0.005443250762859147	149.8513413510415	165.43893264644615	111.14846745800803	0.2952664459684503	7.723121747253263	10.64719898550842	8.652831110491716
layer0_one	2	bme_heldout	2	check	-3.6613669795885504	-3.660408575171398	0.0009584044171519821	-0.0045755629055312655	0.005533967322683247	150.48568656736958	165.7384424264901	111.4382849095538	0.2993108987619354	7.733398924742186	10.702920450326006	8.731214074631733
layer0_one	2	bme_heldout	3	school	-4.916102172106711	-4.91060865005178	0.00549352205493072	0.003495024931973611	0.0019984971229571095	148.88503605097767	164.97700760114566	113.51555125233075	0.29524919811557676	7.668042229288927	10.671037381227688	8.71190260509016
layer0_one	2	bme_heldout	3	check	-4.329882493143619	-4.328295872650765	0.0015866204928539037	-0.004598191861884358	0.00618481235473826	149.78595213035376	166.24607216481743	113.39261252447822	0.29361777477588435	7.746706148176567	10.685957661378636	8.703541528283166
layer0_one	2	unrelated_school_question	1	school	-4.561053090974335	-4.561615849655025	-0.0005627586806901205	-0.0013771467811820848	0.0008143881004919642	151.37315234037175	148.19932100156183	51.798054690683834	0.025992844841299066	7.858403615758842	7.899573322971048	2.9548005177917167
layer0_one	2	unrelated_school_question	1	check	-4.981564548545062	-4.975586550131437	0.0059779984136266555	0.003505503310604868	0.0024724951030217876	151.48409408601492	148.23762367607483	51.872002651377464	0.025930748903236548	7.898068465649592	7.897512144505195	2.934398900303498
layer0_one	2	unrelated_school_question	2	school	-3.8481634898473884	-3.847514673084342	0.000648816763045651	-0.002122910207629263	0.002771726970674914	150.76186702636548	148.63171587918657	51.29201060805525	0.02908302061439735	7.903495190737147	7.909803904028313	2.9624220363102656
layer0_one	2	unrelated_school_question	2	check	-4.1403272769761195	-4.139132307185524	0.0011949697905943707	-0.00227874831338904	0.00347371810398341	151.11417779748172	150.50403868583984	53.2068453940709	0.029472165237768584	7.910210325539469	7.921204905233438	2.98275522374481
layer0_one	2	unrelated_school_question	3	school	-5.112949136380698	-5.110677985631419	0.0022711507492785554	0.001633878802983058	0.0006372719462954974	149.95047113713744	147.90752876536655	54.1387766174327	0.02597497420157351	7.84234249984328	7.914723131259369	2.970696680592163
layer0_one	2	unrelated_school_question	3	check	-4.7589378329752225	-4.76158240542901	-0.0026445724537867235	-0.0070155619554027856	0.004370989501616062	150.44239591874305	148.8232809573126	52.3001632331129	0.02685244179243481	7.914811832534084	7.987086290240405	2.9715293654713717
layer0_one	3	train_moon			-5.868638330020995	-5.385590993647384	0.4830473363736118	0.7076277651368699	-0.2245804287632581	4451.6520265832405	1364.3737487541498	3723.4539194417393	28.42187507557678	81.99912507211909	64.38630646473732	89.3912829950829
layer0_one	3	train_mars			-7.6755986188809855	-7.718966473110183	-0.04336785422919718	-0.004300477814320037	-0.03906737641487714	205.66175138356382	137.87177063342088	157.2357050472219	0.062307329618214884	13.54718942116799	9.944644498957974	7.997543272993176
layer0_one	3	heldout_moon			-4.747820287008573	-5.069337048791845	-0.3215167617832721	0.08872900921330752	-0.4102457709965795	4243.794568556312	374.2003046428998	3956.1202960813534	1.019371193213079	84.83067653190251	22.417695061631587	79.15810012157587
layer0_one	3	heldout_mars			-5.906882078560029	-6.980353651543217	-1.0734715729831883	-0.07403207919842282	-0.9994394937847656	7808.43352625534	412.0043437168304	7504.907924945881	1.1453897458784201	115.86686512651974	23.24010606075889	109.82843267972807
layer0_one	3	neutral_library			-5.406785603467066	-6.141002485293014	-0.7342168818259472	0.04344084575474078	-0.7776577275806877	5275.848531626545	432.76021004523216	5037.760830059255	2.141413049360105	124.36152835348534	33.81413147967224	115.01467994068773
layer0_one	3	neutral_carpenter			-6.628039405753814	-6.6525411409864175	-0.02450173523260363	0.004616920435006603	-0.029118655667610238	1708.4710120344362	882.4566501261118	912.5064140538599	0.5269435604556351	42.84616942992403	22.91505699433335	32.788245243368415
layer0_one	3	neutral_rain			-4.8180372994859555	-5.071564341019534	-0.2535270415335788	-0.006122261190029977	-0.24740478034354882	4141.841547411982	1049.16272397604	3815.666186509458	2.803121041424695	87.05879019890968	31.696373695721757	82.8174785192594
layer0_one	3	bme_original	1	school	-4.252767020029127	-4.23668931109331	0.01607770893581628	0.022884905474553692	-0.006807196538737414	4887.118701587094	914.931167417394	4527.835680050551	2.3996001690327433	117.10096772479618	46.35382603599338	107.41304512114617
layer0_one	3	bme_original	1	check	-4.448773574617257	-4.437702693809086	0.011070880808171054	-0.005750836861413837	0.01682171766958489	4886.516798981228	918.3884318437669	4525.765088510427	2.4134438009915486	116.89438778755097	47.070511357990235	107.29907993592438
layer0_one	3	bme_original	2	school	-3.494407114774876	-3.492362707522137	0.0020444072527392534	0.0029510610156104206	-0.0009066537628711671	4886.050173787549	913.2437636494077	4524.943095723868	2.4708029254790667	116.60533639884883	46.46950094783443	107.0894262747059
layer0_one	3	bme_original	2	check	-3.6927744576886194	-3.694190406734279	-0.0014159490456588674	-0.004243800421202585	0.0028278513755437165	4886.279228929813	914.9935258374832	4524.8981964317	2.4749096926719014	116.62746543335948	46.56134612499262	107.09425743045719
layer0_one	3	bme_original	3	school	-4.947339357644437	-4.948446567160388	-0.0011072095159494037	0.01575122524070362	-0.016858434756653027	4892.4083995417595	980.9433829800472	4525.844828646113	2.4053082745026235	116.64757519508935	46.73996079702353	106.78610226116481
layer0_one	3	bme_original	3	check	-4.322565017284095	-4.350079924897356	-0.027514907613260996	-0.010764847388719554	-0.01675006022454145	4894.068009922718	995.2556553746439	4526.406968402404	2.428209670930793	116.93862110023942	47.732936136098616	107.17688739334524
layer0_one	3	bme_heldout	1	school	-4.2370056691984335	-4.227432283118258	0.00957338608017564	-0.033127726390198835	0.042701112470374475	4039.6635536980893	1759.9863495849597	4017.205339524024	370.5025063665195	110.62457355814311	133.31358039888346	158.72330303031825
layer0_one	3	bme_heldout	1	check	-4.418509017286019	-4.427500987272721	-0.0089919699867014	-0.06800712112780352	0.059015151141102125	4039.925188502088	1755.9181997882836	4015.779526018848	370.5139140137241	110.53950012778164	133.47643204253245	158.91204593283484
layer0_one	3	bme_heldout	2	school	-3.4489459269855143	-3.440443780081925	0.008502146903588456	-0.016161094569173435	0.02466324147276189	4039.562645208775	1761.6089714371415	4017.57304988115	370.6191707922191	110.5226510150801	133.1448209780078	158.57010256653612
layer0_one	3	bme_heldout	2	check	-3.660408575153784	-3.6590242873029926	0.0013842878507911395	-0.023833146050114322	0.025217433900905466	4039.859859026997	1777.190827709045	4026.3772609391717	372.3366527235375	110.5375063343903	134.16005680713803	159.48195077717958
layer0_one	3	bme_heldout	3	school	-4.910608650044568	-4.913337892731724	-0.0027292426871570533	0.018563625538761706	-0.02129286822591876	4046.618230175746	1825.020256203838	4027.8533180694667	375.90575876042215	110.6061681004275	134.78413241189222	159.89975665659333
layer0_one	3	bme_heldout	3	check	-4.3282958726249685	-4.283311754169314	0.04498411845565548	-0.015342826487871188	0.060326944943526674	4055.3224752921383	1818.3219099977005	4038.3404074143837	385.66295862404286	112.36329002078594	133.7973782919335	159.8826065112732
layer0_one	3	unrelated_school_question	1	school	-4.561615849642143	-4.552756238357108	0.00885961128503485	0.0019197629124063525	0.006939848372628497	4887.156353943495	892.9840313502015	4523.665399675832	2.451156431326134	116.3794335577398	45.856837652269455	107.08884163258823
layer0_one	3	unrelated_school_question	1	check	-4.975586550120856	-4.959375766693944	0.016210783426911575	-0.003010461503756695	0.01922124493066827	4886.528012748002	891.2322867646149	4523.1625588602965	2.4515330659366112	116.25017852618457	46.457472144095824	106.89820306073356
layer0_one	3	unrelated_school_question	2	school	-3.847514673062832	-3.8657302128550626	-0.0182155397922308	-0.015840028203350606	-0.0023755115888801936	4886.7673274999515	892.8278082544864	4523.5104290685695	2.4776958865011345	115.99903930701964	45.8810332427237	106.65938435945095
layer0_one	3	unrelated_school_question	2	check	-4.13913230717	-4.156366136749493	-0.017233829579493855	-0.021306460354532823	0.004072630775038971	4886.881073880029	893.8977677158655	4523.520988449859	2.5188007477327723	116.01513961488055	45.9424416435474	106.6543428503046
layer0_one	3	unrelated_school_question	3	school	-5.110677985620588	-5.124296998746774	-0.013619013126186628	-0.016736594806660846	0.0031175816804742177	4891.768563644335	929.3540241466337	4523.042799510342	2.466657506613305	115.93370592737125	46.25474905453358	106.56813366802763
layer0_one	3	unrelated_school_question	3	check	-4.761582405404431	-4.7611883491772655	0.0003940562271660989	-0.02684192915681124	0.027235985383977333	4894.8202831291665	932.3899913789033	4529.693268105878	2.4453621303050803	116.96674191438132	46.7830365112423	107.4796986634602
layer0_one	4	train_moon			-5.385590987541306	-18.157313332870622	-12.771722345329314	34.68619391106682	-47.45791625639614	118232.1306734848	333200.69488235185	428638.6741986953	232137.51886273606	514.4712994493948	5152.128402135768	5200.590531534081
layer0_one	4	train_mars			-7.71896647419277	-14.133896930367058	-6.4149304561742895	0.8041769270480736	-7.2191073832223625	17173.840984922263	3043.3985026222904	18806.15881859601	1441.8108774832974	196.09931312395207	254.37902778353225	319.8408722063398
layer0_one	4	heldout_moon			-5.069337038951933	-22.339895879977586	-17.27055884102565	68.59544208297596	-85.86600092400163	148970.32680759774	312731.4679093101	446674.8566574436	187259.11860936784	614.7155918832763	5766.05557437079	5812.368850030275
layer0_one	4	heldout_mars			-6.980353637180863	-25.484713481329035	-18.504359844148173	119.48376509548423	-137.9881249396324	178588.02942872795	879723.251848993	1021538.5973795443	683103.9331372706	699.1798023687747	9461.338579555972	9525.707567081174
layer0_one	4	neutral_library			-6.141002477668707	-18.57218008705484	-12.431177609386129	57.279150255709794	-69.71032786509593	224007.9492944341	382763.37669034285	583632.9865385909	223753.7952827677	923.0137040367598	8503.68249660486	8587.849151831473
layer0_one	4	neutral_carpenter			-6.652541140616718	-10.728204056096892	-4.075662915480176	0.6601793028040123	-4.735842218284188	28717.39150382494	33977.97547023573	57377.53794673137	27508.883022493228	339.20897231181203	810.3359352338421	925.8376532207129
layer0_one	4	neutral_rain			-5.071564340587173	-16.122427774490227	-11.050863433903052	3.2698821587334037	-14.320745592636456	194598.50224487678	239527.55711705642	396799.7839176049	94955.92770137968	844.0692125615624	5077.790039431909	5191.7879206134285
layer0_one	4	bme_original	1	school	-4.236689310946755	-7.124960114105148	-2.8882708031583926	-0.000888564633373629	-2.88738223852502	52816.3250603404	187595.43898206123	212660.4029620266	183860.80500365386	759.8009886128508	5030.979054841344	5140.414097458299
layer0_one	4	bme_original	1	check	-4.437702693551738	-7.645324657218598	-3.2076219636668615	-0.008852707219131272	-3.1987692564477297	53072.11771073641	187578.81547251553	212670.09982589446	183856.37582146385	760.9959983200145	5030.894058027903	5140.3542618365345
layer0_one	4	bme_original	2	school	-3.492362707213475	-8.107191573982782	-4.614828866769308	0.05136828349511996	-4.666197150264428	53579.003669854064	187586.45618643428	212841.62972841924	183853.51085079476	761.4122152139789	5031.151542483926	5140.377121966775
layer0_one	4	bme_original	2	check	-3.6941904065344016	-8.607474968116566	-4.913284561582166	-0.20100669795004714	-4.712277863632118	53728.618456155484	187592.25063596902	212904.34015186937	183853.95289154258	767.2539649378177	5031.368678069636	5141.118226042054
layer0_one	4	bme_original	3	school	-4.948446566671003	-7.585392480180943	-2.6369459135099382	0.6045351523475552	-3.241481065857494	53197.328553471074	187574.1841727775	212725.56631891048	183850.31609072996	754.8648711536998	5030.100135949467	5138.490864784756
layer0_one	4	bme_original	3	check	-4.35007992436029	-7.716489735016557	-3.3664098106562674	0.04853879275091284	-3.4149486034071805	53855.658692521145	187583.958950136	212963.17056579416	183850.86279008896	768.647153050149	5031.018579013481	5140.91143660178
layer0_one	4	bme_heldout	1	school	-4.2274322829150455	-6.964958261305806	-2.7375259783907597	-0.09588978305803036	-2.64163619533273	47629.95693153753	190788.47571211614	213898.95479020543	178386.43960278432	702.444825501181	4723.26257621336	4822.65304641631
layer0_one	4	bme_heldout	1	check	-4.427500987003546	-7.529238118595476	-3.1017371315919293	0.019117981584145263	-3.120855113176075	47937.01736009231	190777.522039029	213935.5467205057	178378.67432943487	704.0261525399474	4723.260177346823	4822.684677408769
layer0_one	4	bme_heldout	2	school	-3.440443779794928	-7.976175803381686	-4.535732023586758	-0.30465714490837487	-4.231074878678382	48658.70121600866	190784.62060467005	214159.34593881344	178375.3629202219	704.9878416327529	4722.36641500532	4821.464845404966
layer0_one	4	bme_heldout	2	check	-3.659024287148573	-8.579215237408167	-4.920190950259594	-0.522856640406837	-4.3973343098527575	48837.11489140736	190789.23523423777	214222.8605965066	178375.37738623153	711.2948170469273	4722.61110972037	4822.298802873669
layer0_one	4	bme_heldout	3	school	-4.913337892263513	-7.269443777551868	-2.3561058852883545	0.47378381240474216	-2.829889697693097	48052.13150334252	190771.6538527853	213967.5469984521	178371.56172691868	696.9699214272532	4722.300632183178	4820.542986503783
layer0_one	4	bme_heldout	3	check	-4.283311753753952	-7.692753289552042	-3.409441535798089	-0.04797604026271632	-3.3614654955353727	48717.81378272548	190781.71397982116	214191.91928449465	178372.1706694479	711.6153801810502	4722.793261671481	4822.520963433545
layer0_one	4	unrelated_school_question	1	school	-4.552756238147792	-7.768183266100816	-3.2154270279530244	0.11684335720165823	-3.332270385154682	52476.521708301334	187518.52445754176	212359.8209630265	183822.3598088293	745.0716529619606	5025.489034321685	5133.21887611071
layer0_one	4	unrelated_school_question	1	check	-4.959375766352536	-8.467213627312322	-3.5078378609597882	-0.23258835904899786	-3.2752495019107903	52717.555388379165	187490.17944130104	212319.1120063557	183805.35841656354	746.5977008695024	5021.799484749244	5129.6110361688925
layer0_one	4	unrelated_school_question	2	school	-3.8657302125677595	-9.523551687078333	-5.657821474510574	0.013186099317534552	-5.67100757382811	53541.4120329823	187477.5958922016	212496.76580693963	183791.59115952253	750.3294649376485	5019.165444839037	5127.195596554584
layer0_one	4	unrelated_school_question	2	check	-4.156366136508071	-9.952847892450395	-5.796481755942324	-0.21746925403281825	-5.579012501909505	53630.45289837068	187482.51973683288	212543.80015177254	183792.04859734757	755.5119936820682	5019.3374059553435	5127.814339020447
layer0_one	4	unrelated_school_question	3	school	-5.124296998392306	-8.717617764375737	-3.5933207659834316	0.261843641367053	-3.8551644073504843	53048.318276951126	187482.0004007305	212420.34072815534	183793.8801202382	742.4840173351521	5018.7397939553975	5125.952166538166
layer0_one	4	unrelated_school_question	3	check	-4.761188348968822	-8.542140755395971	-3.7809524064271494	0.03006173106155936	-3.811014137488709	53952.48361700709	187487.95106170484	212701.66441506884	183795.9439728097	755.2683585489659	5021.603934154452	5130.276082219771
layer0_one	5	train_moon			-18.157313294706224	-36.78738646884086	-18.63007317413464	284.88076795131167	-303.5108411254463	138397.79906523117	2200586.1219227486	2319119.8064919747	421115.449489125	863.4631662868583	8546.666795380619	8420.835714538996
layer0_one	5	train_mars			-14.133896974256075	-16.240891922024606	-2.1069949477685315	12.726969127947212	-14.833964075715745	43703.3474113093	53878.74201957077	85438.54234061329	10162.530382259989	427.9768837255667	1355.9536635698482	1412.6851219428975
layer0_one	5	heldout_moon			-22.339895811191358	-24.828574665771313	-2.488678854579954	278.27174303651503	-280.76042189109495	68516.21072145547	3317163.5787423044	3304586.028351311	1578571.0193741038	837.2506388021916	9875.14564678491	9560.377356777313
layer0_one	5	heldout_mars			-25.48471342907734	-17.85250222964267	7.632211199434662	187.31841772773518	-179.68620652830052	132888.870994477	2427203.7971066497	2322837.216400463	545006.513564933	826.7352977103246	7097.124261495486	6751.090551984676
layer0_one	5	neutral_library			-18.57218000039606	-15.344494166625001	3.227685833771056	128.2271290756611	-124.99944324189006	154618.58820631373	2528393.356885464	2413161.062421134	329322.19118334213	1058.137630101035	7536.067772272317	7076.027742561159
layer0_one	5	neutral_carpenter			-10.728204044725537	-14.461059015327999	-3.732854970602465	11.159730267561281	-14.892585238163747	55487.90826691412	148264.17199248326	174828.04924299047	24216.69066233104	623.3434566178792	2081.5182183006623	2143.7660648969168
layer0_one	5	neutral_rain			-16.122427772425517	-18.128203961693604	-2.0057761892680905	122.4977694260688	-124.50354561533689	110094.45881542235	2832769.398826503	2758506.073861583	450033.49607559	1055.932965308162	8556.08949914128	8067.289892380693
layer0_one	5	bme_original	1	school	-7.1249600993697	-17.566089158544198	-10.4411290591745	25.335613708101434	-35.776742767275934	147081.95974195382	322812.1303729745	430581.02557299717	117254.13364505526	1442.2282198880466	6033.3422691210735	6044.0792631913555
layer0_one	5	bme_original	1	check	-7.645324638482775	-17.68268994029831	-10.037365301815539	22.36202293797123	-32.39938823978677	150415.85129325194	316528.6233666929	427024.205733624	115602.25448912005	1448.7888742899736	5881.457437858239	5892.311264324765
layer0_one	5	bme_original	2	school	-8.107191543484058	-16.782089647679744	-8.674898104195684	40.521214738090045	-49.19611284228572	134133.8283089607	350611.17395961133	445480.03547272657	149339.59049072096	1411.5911962053663	6178.1763900238275	6182.840143886244
layer0_one	5	bme_original	2	check	-8.60747494261929	-17.14010701453612	-8.532632071916833	37.898320239252385	-46.43095231116922	134680.18948870804	351006.9795703904	446282.4857670703	152712.13364120902	1419.780584317211	6193.390939583388	6198.686458370769
layer0_one	5	bme_original	3	school	-7.58539246447943	-18.982825833219522	-11.39743336874009	27.9058726983658	-39.30330606710589	143484.96632874417	309494.9178889357	414417.7767174057	113041.58548782392	1428.1500784926543	5922.740198258411	5935.008926033258
layer0_one	5	bme_original	3	check	-7.71648973043189	-18.971796883026773	-11.255307152594877	22.77779542830673	-34.03310258090161	154387.42893413999	315848.32108519564	429429.2320260509	115628.17636250505	1474.80336317975	6003.54764214359	6020.799689148143
layer0_one	5	bme_heldout	1	school	-6.964958248927725	-17.56777362401027	-10.60281537508255	23.9853948738128	-34.58821024889535	147353.150679612	367398.40839722054	469247.72996850754	94128.67155364023	1393.1266498029006	5998.8295515647715	5972.001889495968
layer0_one	5	bme_heldout	1	check	-7.5292381021435215	-17.712621296390434	-10.183383194246913	21.641241973304904	-31.824625167551822	150866.525199438	367092.3835764362	471625.28820573335	89501.22999730325	1400.6871294341843	5921.806078496535	5895.222463364716
layer0_one	5	bme_heldout	2	school	-7.976175777466865	-16.825422870457473	-8.849247092990606	39.184376030425426	-48.03362312341604	134388.19061140803	423916.42945059383	511477.96906125895	113407.65744235605	1362.4766418814797	6414.638828875774	6376.72103433165
layer0_one	5	bme_heldout	2	check	-8.579215215326084	-17.169705514752874	-8.590490299426788	37.8025982351311	-46.39308853455789	134939.50972787468	423819.0066153016	511669.6875116835	119351.25293244727	1371.1025325049884	6408.785693743495	6371.859472194869
layer0_one	5	bme_heldout	3	school	-7.269443769386814	-18.973242029625883	-11.703798260239068	22.712425079810874	-34.416223340049946	143933.40369604703	362443.33892177406	460773.40732952754	91139.466568438	1379.2889264350813	5966.753048054247	5945.183875176483
layer0_one	5	bme_heldout	3	check	-7.692753281520715	-18.97409940727124	-11.281346125750527	23.3872060020979	-34.66855212784843	154764.89724538263	369802.8282715451	476434.3082080632	96218.40142664513	1426.9124718887535	6056.713001525917	6041.011959682996
layer0_one	5	unrelated_school_question	1	school	-7.768183241584563	-11.984805438775375	-4.216622197190811	32.09781299924488	-36.31443519643569	74489.614191691	356938.4465476664	405190.9581096757	119627.68994322208	1244.2478325426068	5963.307507358073	5903.663742203212
layer0_one	5	unrelated_school_question	1	check	-8.467213597071538	-11.772316912763431	-3.305103315691893	28.620868127011324	-31.925971442703208	66631.38326879453	360314.16224572726	405982.2901425088	111491.122936215	1229.2032415932288	5842.232838162592	5772.115139482003
layer0_one	5	unrelated_school_question	2	school	-9.523551664581158	-14.06457796369807	-4.541026299116914	41.79021298024617	-46.33123927936308	72591.98898429034	384276.54293084773	437688.7515684833	157802.95766867706	1249.7381953758038	5939.3280486178555	5880.5869013960555
layer0_one	5	unrelated_school_question	2	check	-9.952847875699625	-14.545582094469385	-4.592734218769761	35.359117544364906	-39.95185176313467	73467.59434817426	386329.9639126868	440444.4428287126	159837.71151618994	1257.32856313403	6009.724258544445	5949.570794238303
layer0_one	5	unrelated_school_question	3	school	-8.7176177556404	-12.984191104969488	-4.266573349329086	28.34650999679666	-32.61308334612575	69933.24441063545	348387.49203916785	394199.27336485405	115467.55049478571	1229.7582573305547	5778.478319945303	5719.036429184777
layer0_one	5	unrelated_school_question	3	check	-8.542140751617307	-12.374590131450654	-3.832449379833345	23.877279383451295	-27.70972876328464	66712.30505078475	360327.7515976613	405490.120482136	116150.98969166257	1241.9772698238921	5857.681191738018	5791.469864939112
layer0_one	6	train_moon			-36.78738678709553	-22.862049213313437	13.925337573782091	93.22967756184478	-79.30433998806268	250250.44251039403	682402.46877452	642225.8015057148	9296.170422778905	762.0727714484232	1686.854832008364	1428.36398882725
layer0_one	6	train_mars			-16.240891981395315	-8.390660806370926	7.8502311750243905	35.030998889155015	-27.18076771413062	53107.29968252777	305108.4265764156	257614.887670891	1753.133681519193	339.1272552155471	1039.9869472245143	785.1998106099697
layer0_one	6	heldout_moon			-24.8285747113041	-14.331644675411274	10.49693003589282	65.45751923643026	-54.96058920053744	222165.8681210913	614354.9432315986	623614.6860151535	4209.80220822028	714.5343234776819	1684.160358903651	1414.7638212448753
layer0_one	6	heldout_mars			-17.852502370111008	-15.236283311741008	2.61621905837	42.39991894276331	-39.78369988439332	201913.8770975404	461295.44462938	540936.7392116057	13335.744173226558	625.428515157523	1616.376592271639	1439.1765067523268
layer0_one	6	neutral_library			-15.344494435890898	-11.298480243948704	4.046014191942193	47.642083090993346	-43.596068899051154	211681.90967319935	714760.6920542609	724654.7511622085	14643.006487780673	741.0473349269904	2558.8860939033384	2170.3993954161638
layer0_one	6	neutral_carpenter			-14.461059186638883	-10.430486540944958	4.0305726456939235	26.31044428954215	-22.279871643848228	59460.57765762612	337628.02243477857	281571.0479047659	2365.3219301342583	502.70986028576334	1380.4156612303925	1004.5836781141139
layer0_one	6	neutral_rain			-18.128204198512748	-13.03859034451527	5.089613853997475	41.52336625500378	-36.4337524010063	217541.12865045978	654049.3462870069	664714.9057712151	12126.223633047943	776.0936470792903	2104.317855569575	1752.9914409669605
layer0_one	6	bme_original	1	school	-17.566089055121356	-6.626056554780084	10.940032500341276	38.23291785427695	-27.292885353935677	168157.5244942331	896465.035892717	733659.967612482	6949.3850185618	1332.3632925834856	3242.3302256714587	2281.5076897179483
layer0_one	6	bme_original	1	check	-17.682689861182723	-7.5552000005623094	10.127489860620415	34.58927969735443	-24.461789836734013	171852.950677872	885823.9781221035	719933.8759637095	6867.169633414301	1346.0450799866985	3192.3062262969434	2225.266132683744
layer0_one	6	bme_original	2	school	-16.782089680388047	-6.953945277914684	9.828144402473363	42.431408370269736	-32.60326396779637	156651.07240870054	883733.4734026919	732230.3587501929	19059.98146014004	1293.558161111101	3288.6062869172038	2369.709571140491
layer0_one	6	bme_original	2	check	-17.14010708981167	-7.609194070786467	9.530913019025203	43.522258990034274	-33.99134597100907	157484.29965443123	887934.6831208592	735583.7328951865	17661.04554406993	1303.252496061848	3308.716916466609	2383.07114312528
layer0_one	6	bme_original	3	school	-18.982825744174594	-6.7814985901411164	12.201327154033477	38.072789131121404	-25.871461977087932	165001.71400275122	880779.4189400736	720403.6062533259	6926.891571481031	1318.717744141965	3195.8078805267805	2242.701718395126
layer0_one	6	bme_original	3	check	-18.971796783776913	-7.361899316968409	11.609897466808501	36.39659382379107	-24.786696356982574	177646.79645876592	892993.6537019532	722081.349772186	6902.987064971654	1367.6140504580742	3214.3732878546643	2231.6499879931885
layer0_one	6	bme_heldout	1	school	-17.567773520105025	-6.719944365448165	10.847829154656857	38.50155112232569	-27.653721967668826	166235.96800904087	887589.2566585027	726419.6525923003	6614.763365799667	1295.7554185111208	3183.304516692082	2244.3444502160087
layer0_one	6	bme_heldout	1	check	-17.712621217193234	-7.65872804887223	10.053893168321	34.70619862328978	-24.652305454968772	170173.16585758716	876147.3033071395	711602.9297099008	6530.876137980176	1310.6726355525298	3129.3557646002264	2184.01297279375
layer0_one	6	bme_heldout	2	school	-16.825422894841775	-7.058337769794453	9.767085125047323	42.298876111943194	-32.53179098689587	154273.4651177282	872345.3405103283	722877.5601269313	19342.413742103745	1258.9988255399078	3224.0737249541435	2329.489029567409
layer0_one	6	bme_heldout	2	check	-17.169705583651968	-7.71089030328913	9.458815280362835	43.44527361772751	-33.986458337364674	155157.2617993718	876934.7506318236	726575.3538654577	17984.171232289587	1268.9238352638797	3244.9991596798495	2343.2037824752415
layer0_one	6	bme_heldout	3	school	-18.97324194015277	-6.838063662451071	12.135178277701698	38.37538856949382	-26.240210291792124	162911.68309828886	871693.9568343717	713056.208376589	6595.708885259345	1282.4518309853004	3135.563075699876	2205.0317088893603
layer0_one	6	bme_heldout	3	check	-18.974099309653973	-7.451780346461722	11.522318963192246	36.823775759749836	-25.301456796557584	175589.2571961792	885218.888792268	715835.4406302816	6564.458491297059	1332.4373656895648	3157.974271944291	2196.4395773497163
layer0_one	6	unrelated_school_question	1	school	-11.984805411590436	-7.1892180657781966	4.795587345812238	24.89717858855519	-20.10159124274295	101786.68551295332	608458.5648750976	509987.3370500826	7635.692696226877	1106.0007827945738	2738.110693116074	1960.2930213804987
layer0_one	6	unrelated_school_question	1	check	-11.772316913721006	-7.698384735556942	4.073932178164065	21.403941980614714	-17.33000980245065	95364.19632956723	558844.1943258942	467559.17476255365	7780.157008960944	1096.1570508111238	2653.1647656996756	1890.9841950900943
layer0_one	6	unrelated_school_question	2	school	-14.064578165014922	-7.107947815807148	6.956630349207771	49.43353199298173	-42.47690164377396	102002.89634532796	719694.8794914025	623234.9247664337	15699.692778942659	1110.5196378049989	3149.36795997115	2386.0845034480044
layer0_one	6	unrelated_school_question	2	check	-14.545582315966088	-7.567766061365612	6.977816254600477	48.46484161528926	-41.48702536068878	103069.9910718326	731349.4196757199	634014.0762212077	15026.567530615413	1120.0324190442393	3206.7913188641505	2436.2214576691404
layer0_one	6	unrelated_school_question	3	school	-12.984191124802367	-7.353163714639099	5.631027410163269	25.4235693752278	-19.792541965064526	96876.24949976352	587431.8751133465	493616.2266540731	7795.456968536177	1092.0982531547736	2698.563103122106	1932.875880849572
layer0_one	6	unrelated_school_question	3	check	-12.374590118737377	-7.415052826068086	4.95953729266929	22.352263403486443	-17.392726110817154	96526.5205703395	557924.2247535535	466003.7085826707	7848.914292530788	1100.2275353443706	2658.2461761454747	1894.9861945807447
layer0_one	7	train_moon			-22.862049328619186	-9.236876761963126	13.625172566656051	50.34191287020294	-36.716740303546885	225902.83951395238	359225.6229262049	258248.00138041461	117779.04907418558	570.259352938387	1543.159397987816	1419.14030225824
layer0_one	7	train_mars			-8.390660868818017	-8.149320440300144	0.24134042851787418	0.28942199942909286	-0.04808157091121874	3690.618542063706	6048.8209027855955	3618.6936042601524	864.9968199532877	122.08502157114589	220.89312026748635	198.4709590815946
layer0_one	7	heldout_moon			-14.33164476620796	-8.176198381302955	6.155446384905008	15.403788166722322	-9.248341781817315	220853.30119435137	214183.80693756606	41897.597080429754	13393.244405132837	508.714339276936	810.5015594263779	792.419708826635
layer0_one	7	heldout_mars			-15.236283364216558	-10.092199613760176	5.144083750456381	4.807144331919624	0.33693941853675746	220712.59881114512	208995.6800375108	14998.797943874037	14548.944948053404	512.1370463842363	770.7250508245992	796.7243746722953
layer0_one	7	neutral_library			-11.298480274257555	-7.326437823932233	3.9720424503253207	0.872295245995172	3.099747204330149	220684.09195902362	210217.91582045975	26716.304014981368	13970.551739744937	503.36331449242016	960.5854155663635	989.981678746528
layer0_one	7	neutral_carpenter			-10.430486603531252	-8.172307513664915	2.2581790898663354	2.8828888050231023	-0.6247097151567669	10353.165346650725	53965.09970452118	50115.16421604948	30956.36635354928	225.33019009377574	1024.466889388116	990.2087949301554
layer0_one	7	neutral_rain			-13.038590382075908	-7.054094502169946	5.984495879905963	6.655866999492197	-0.6713711195862339	221010.02561767361	212930.88123466217	33239.314485511924	12018.758198189476	531.7138988110419	797.3547723040717	755.244934977902
layer0_one	7	bme_original	1	school	-6.626056638366269	-6.049591460830903	0.5764651775353656	3.4990989774890933	-2.922633799953727	18709.020711286845	65658.56816149385	60589.949733350004	30766.787779912625	436.81838242368997	1688.9256036684042	1627.1580948867725
layer0_one	7	bme_original	1	check	-7.55520014897236	-6.743178102220581	0.8120220467517812	2.78757336896871	-1.9755513222169285	18113.803746938505	61683.18859624459	58267.38307235935	30437.88629886427	429.9077928924251	1640.9753669426061	1584.316512408889
layer0_one	7	bme_original	2	school	-6.953944974014976	-5.8821204428510105	1.0718245311639663	-2.761447565953213	3.8332720971171788	18885.033162169802	64681.25187136752	61838.188147050576	34459.18612024778	441.0034840536493	1821.4127236825482	1776.9988107656247
layer0_one	7	bme_original	2	check	-7.60919382600599	-6.287537496737995	1.3216563292679946	-2.5316101525437764	3.8532664818117697	19019.091112702485	64634.42615915852	61922.917451360445	34624.88076020578	443.75172841299667	1806.9627724129095	1762.7698258436847
layer0_one	7	bme_original	3	school	-6.781498689510783	-6.429508858388583	0.3519898311222014	1.6918213389349663	-1.3398315078127652	17529.900573007835	66335.68281664536	60146.59040039998	29899.71606558157	428.67039334450385	1671.352799891722	1606.2831056464195
layer0_one	7	bme_original	3	check	-7.361899450719354	-6.4603559873648955	0.9015434633544577	1.1388155952918462	-0.23727213193738889	17149.189607960277	62184.1395893439	57509.95303459343	29634.790109259942	430.27185658026525	1675.0126105818356	1617.6178581977263
layer0_one	7	bme_heldout	1	school	-6.719944432506032	-6.102820098917649	0.617124333588383	3.1581756729478068	-2.541051339359424	16896.623814182298	61967.825744230475	53974.593515579465	28219.490500031763	428.86389822868927	1716.159204263361	1651.3179011200998
layer0_one	7	bme_heldout	1	check	-7.658728215155686	-6.802369433492251	0.8563587816634346	2.7733746872044187	-1.9170159055409843	16286.758246622807	55543.15330953734	49468.70051946075	27298.92473155908	421.8692134963351	1657.1222834108735	1599.1293964085737
layer0_one	7	bme_heldout	2	school	-7.058337651643272	-5.9111309354163355	1.1472067162269353	-0.9375047228280478	2.0847114390549835	17655.437578550278	59838.09432848825	52383.94019247484	30081.935617199422	436.4007900098402	1804.1712436409175	1750.4118797818
layer0_one	7	bme_heldout	2	check	-7.710890231545089	-6.301541729455069	1.40934850209002	-0.956881712149609	2.366230214239629	17805.95939583934	59889.266347296776	52352.17138143123	29960.82066194997	439.2413646741364	1792.7258639978081	1738.2683185277708
layer0_one	7	bme_heldout	3	school	-6.838063751836201	-6.359577268765029	0.47848648307117253	1.2030435222184659	-0.7245570391472933	15864.084546042406	62397.00717712379	53905.135547325735	28055.389690597123	420.8757602105733	1695.3961566282655	1629.3132231442762
layer0_one	7	bme_heldout	3	check	-7.4517805489182285	-6.478382362766182	0.9733981861520461	1.7482355886229244	-0.7748374024708783	15533.531662454874	57271.152407506146	50034.10719567149	27287.391367607743	424.24053015400057	1694.285225955494	1632.93370416371
layer0_one	7	unrelated_school_question	1	school	-7.189218286472888	-6.145548651135497	1.0436696353373907	2.9369860702923782	-1.8933164349549876	12890.920986331404	58395.222527435755	53028.84968213977	26734.05227844199	397.8205772977689	1603.514685778753	1554.0744316887574
layer0_one	7	unrelated_school_question	1	check	-7.698385168048081	-6.794804033699299	0.90358113434878	2.962053208946308	-2.0584720745975287	12484.928728042412	57869.14575248263	52573.23222911831	26587.92765181457	392.04080633806535	1563.4867438831627	1512.3828783173763
layer0_one	7	unrelated_school_question	2	school	-7.107947993785383	-6.042033783662653	1.0659142101227304	2.8998425982096703	-1.8339283880869404	13597.365242890362	57982.98867533767	52810.790845290205	27904.128521768667	403.006754950216	1668.7772995997616	1621.272790654552
layer0_one	7	unrelated_school_question	2	check	-7.567766435478485	-6.461325673768045	1.10644076171044	3.9036149777953213	-2.797174216084881	13638.439781390627	58045.90973375265	52658.86248862704	27635.65169289316	404.7895562540298	1669.9183575559282	1620.2773944432563
layer0_one	7	unrelated_school_question	3	school	-7.353163629218483	-6.451759952125097	0.9014036770933869	-0.28565008933084135	1.1870537664242284	12593.66910028597	58037.26056303666	52678.59788414251	26623.87056041841	395.29973810735567	1575.8433912225514	1528.608060086672
layer0_one	7	unrelated_school_question	3	check	-7.41505290877342	-6.631671218916082	0.7833816898573388	-0.11845854893914917	0.901840238796488	12393.743173253171	56902.65359986935	51854.6810202884	26588.661792264775	398.96586401023734	1553.1626529275095	1508.0071141239382
layer0_one	8	train_moon			-9.236876834674636	-35.65680761178147	-26.41993077710682	34.96669884114501	-61.386629618251845	394648.1792765895	72498.33713841188	450484.00264027703	68910.08104730009	959.1788787122541	1457.1731501830316	1645.4120784225865
layer0_one	8	train_mars			-8.149320441585292	-16.214354299725464	-8.065033858140174	2.7659571987283322	-10.830991056868509	82608.46350419808	21378.33664240264	80819.8310813461	2781.511891865112	401.4630357859457	581.2481617823286	655.102219839933
layer0_one	8	heldout_moon			-8.176198445921589	-35.761541430282826	-27.585342984361237	20.723199684356576	-48.30854266871782	447072.0080242082	90409.63359170567	501009.9876678441	98759.2440091405	1064.476306764634	2048.6278731406965	2172.630826645347
layer0_one	8	heldout_mars			-10.092199745887992	-38.13071746896694	-28.038517723078947	65.49390236801409	-93.53242009109304	454299.1957652055	170829.3432237085	584535.2739326677	79877.00751773648	1123.8049496526978	2584.1684176314448	2657.4353536063254
layer0_one	8	neutral_library			-7.326437870451473	-33.15396516919855	-25.827527298747082	11.121978189196412	-36.9495054879435	518074.94419056864	105486.05715406017	581923.8298335465	73159.15684813238	1390.969776224617	1920.3935305932534	2206.3852640824357
layer0_one	8	neutral_carpenter			-8.172307526723241	-19.718972582805932	-11.546665056082693	7.939214815721143	-19.485879871803835	344033.7836503424	47471.232785901055	344409.1139480261	19388.24352946743	992.5801698234641	1569.5684948897665	1788.5207540248775
layer0_one	8	neutral_rain			-7.054094584713552	-35.156623961034626	-28.102529376321076	23.40718544969414	-51.50971482601521	584977.1318573218	121928.91346522464	649549.2276011473	79257.48818330388	1446.7135212634917	2532.4980790576615	2893.554414039116
layer0_one	8	bme_original	1	school	-6.049591472589054	-27.34051484569794	-21.290923373108885	4.852324075244026	-26.143247448352913	850802.8979612748	123462.06734861629	904311.7442555834	59577.060699388305	2503.163657330199	4188.43216915464	4753.477178953679
layer0_one	8	bme_original	1	check	-6.743178123380204	-28.025231359761033	-21.282053236380822	7.164492064461973	-28.4465453008428	862453.3113219979	121818.45745031559	916317.2371076598	59463.24060904287	2525.659320674386	4076.94361059726	4666.3077939539235
layer0_one	8	bme_original	2	school	-5.88212046573647	-29.69118729578749	-23.809066830051023	5.613981692300336	-29.423048522351362	902303.5826050072	125739.19704097019	957199.1698503465	66684.82397162901	2604.9311497158405	4746.319596741847	5273.890118346459
layer0_one	8	bme_original	2	check	-6.287537515120828	-31.000543910735132	-24.7130063956143	3.7844995855607158	-28.497505981175017	906437.392856198	129302.18288165652	958111.301153948	70115.01658469552	2621.8506562314305	4765.04186996192	5303.732234463163
layer0_one	8	bme_original	3	school	-6.429508853651451	-31.60182615014755	-25.1723172964961	2.2796759278500813	-27.451993224346182	873553.9415105172	145228.33943089217	941225.1720244514	82116.31908771126	2530.7658065552355	4457.323780556541	5017.829946654623
layer0_one	8	bme_original	3	check	-6.460356002825223	-30.073853046551353	-23.61349704372613	8.694551535638674	-32.30804857936481	900942.5790507627	151723.07717799232	978850.2059983173	85306.76817010948	2597.2756191845997	4722.9179196521645	5289.472339941548
layer0_one	8	bme_heldout	1	school	-6.102820115428401	-27.716217101112907	-21.61339698568451	4.455956619144445	-26.069353604828954	831968.8311699003	137450.25187070094	892451.0237499127	74951.16257189112	2421.513967931604	4662.275326377417	5153.806931208917
layer0_one	8	bme_heldout	1	check	-6.802369431228578	-28.2477986282462	-21.445429197017624	3.7216833863750503	-25.167112583392676	849053.9711087736	134368.71375201247	909011.7291966518	73270.20333900511	2448.3255277555822	4512.848572321842	5027.068653168923
layer0_one	8	bme_heldout	2	school	-5.911130950717369	-29.906205376197985	-23.995074425480613	5.598014340405051	-29.593088765885668	884976.0333727967	138196.3292778546	946488.5943354463	79723.91786607984	2524.932311214666	5186.946895817378	5657.146287515244
layer0_one	8	bme_heldout	2	check	-6.301541742246048	-31.179633348342467	-24.878091606096422	4.4340694839310855	-29.31216109002751	889594.2371077506	140305.7009923838	948305.3514092719	81662.29184400325	2543.1341778044593	5149.994654906689	5633.472999176528
layer0_one	8	bme_heldout	3	school	-6.35957723841728	-32.56467603697437	-26.20509879855709	-3.8801294349350512	-22.324969363622035	856044.8262157532	141737.29394393726	922604.8008197661	76099.85949397573	2452.1329532625277	4893.19027122683	5370.484716151192
layer0_one	8	bme_heldout	3	check	-6.4783823637153075	-30.48976791196128	-24.011385548245972	2.7957762625278795	-26.807161810773845	888099.9958475751	147887.20087645343	960765.2464117431	81594.65298143365	2524.697378268805	5308.189977849113	5787.720493636245
layer0_one	8	unrelated_school_question	1	school	-6.1455486676724345	-26.37256656022925	-20.22701789255681	3.9782092737564048	-24.205227166313215	830917.4385279459	141934.93911418933	896745.2939044994	60489.18159577467	2462.348236656654	4136.498630102854	4678.429392393627
layer0_one	8	unrelated_school_question	1	check	-6.794804057519825	-27.62608901499535	-20.831284957475525	9.234788488363774	-30.0660734458393	847905.3839932957	138232.47095387022	914225.8643524785	58159.937816350095	2495.0969459639855	4003.820941234033	4580.275641060015
layer0_one	8	unrelated_school_question	2	school	-6.042033814435096	-29.295450131716535	-23.253416317281445	6.6579222199985395	-29.911338537279985	885751.9457317459	140341.3036914219	951340.8723157446	66228.80336991695	2573.3958197808984	4695.435136607077	5214.425373246209
layer0_one	8	unrelated_school_question	2	check	-6.461325707303009	-30.62275550892509	-24.161429801622077	6.773462438749093	-30.934892240371177	889799.521827543	143764.9136442829	952052.021773116	70014.0671638862	2590.529845254792	4796.778794090032	5319.1003724102975
layer0_one	8	unrelated_school_question	3	school	-6.451759965103503	-30.697469970073172	-24.24571000496967	-0.04166595396441034	-24.20404405100526	844712.5642841252	148730.06301515817	908022.7470649485	86069.48863083097	2483.417764945583	4439.751105031148	4944.709346971113
layer0_one	8	unrelated_school_question	3	check	-6.631671232459663	-29.02874476151631	-22.397073529056648	1.7938242810401719	-24.190897810096818	872486.1539138969	162210.783179808	947122.4260726301	94970.25265555734	2552.2441612121083	5056.907031139671	5528.4016361126805
